,logtype,@timestamp,system,hostname,loghost,envname,procname,procid,module,keywname,keywvalue,keymask,logtext,errstack,errstackidx,errlocation,errseverity,csvfile
0,LOG,2020-02-13T01:19:15.658Z,FORS2,wf2ors,wf2ors,wf2ors,bob_7551,61,seq,,,,... ESO-VLT-DIC.OBS-2.0 OBS.EXECTIME 808 OBS.GRP 0 OBS.ID 2174600 OBS.MOON.DIST 30 OBS.MOON.FLI 1.0 OBS.NAME IMG-SA95 OBS.OBSERVER UNKNOWN OBS.PI-COI.ID,0,0,,,/datalake/processeddata/csv-vltlogs/2020/02/log_wf2ors.2020-02-12.csv
1,LOG,2020-02-13T01:20:23.136Z,FORS2,wf2ors,wf2ors,wf2ors,bob_7551,61,seq,,,,... ESO-VLT-DIC.OBS-2.0 OBS.EXECTIME 808 OBS.GRP 0 OBS.ID 2174600 OBS.MOON.DIST 30 OBS.MOON.FLI 1.0 OBS.NAME IMG-SA95 OBS.OBSERVER UNKNOWN OBS.PI-COI.ID,0,0,,,/datalake/processeddata/csv-vltlogs/2020/02/log_wf2ors.2020-02-12.csv
2,LOG,2020-02-13T01:21:32.780Z,FORS2,wf2ors,wf2ors,wf2ors,bob_7551,61,seq,,,,... ESO-VLT-DIC.OBS-2.0 OBS.EXECTIME 808 OBS.GRP 0 OBS.ID 2174600 OBS.MOON.DIST 30 OBS.MOON.FLI 1.0 OBS.NAME IMG-SA95 OBS.OBSERVER UNKNOWN OBS.PI-COI.ID,0,0,,,/datalake/processeddata/csv-vltlogs/2020/02/log_wf2ors.2020-02-12.csv
3,LOG,2020-02-13T01:22:52.953Z,FORS2,wf2ors,wf2ors,wf2ors,bob_7551,61,seq,,,,(OBS.NAME: LSS-LB227 // OBS.ID: 2174603),0,0,,,/datalake/processeddata/csv-vltlogs/2020/02/log_wf2ors.2020-02-12.csv
4,LOG,2020-02-13T01:25:22.421Z,FORS2,wf2ors,wf2ors,wf2ors,bob_7551,61,seq,,,,... ESO-VLT-DIC.OBS-2.0 OBS.EXECTIME 1359 OBS.GRP 0 OBS.ID 2174603 OBS.MOON.DIST 30 OBS.MOON.FLI 1.0 OBS.NAME LSS-LB227 OBS.OBSERVER UNKNOWN OBS.PI-COI.ID,0,0,,,/datalake/processeddata/csv-vltlogs/2020/02/log_wf2ors.2020-02-12.csv
5,LOG,2020-02-13T01:46:55.006Z,FORS2,wf2ors,wf2ors,wf2ors,bob_7551,61,seq,,,,... ESO-VLT-DIC.OBS-2.0 OBS.EXECTIME 515 OBS.GRP 0 OBS.ID 2174665 OBS.MOON.DIST 30 OBS.MOON.FLI 1.0 OBS.NAME IMG-SA95_HR OBS.OBSERVER UNKNOWN OBS.PI-COI.ID,0,0,,,/datalake/processeddata/csv-vltlogs/2020/02/log_wf2ors.2020-02-12.csv
6,LOG,2020-02-13T01:49:31.625Z,FORS2,wf2ors,wf2ors,wf2ors,bob_7551,61,seq,,,,(OBS.NAME: specphot-HD49798 // OBS.ID: 200278603),0,0,,,/datalake/processeddata/csv-vltlogs/2020/02/log_wf2ors.2020-02-12.csv
7,LOG,2020-02-13T01:35:47.887Z,FORS2,wf2ors,wf2ors,wf2ors,bob_7551,61,seq,,,,... ESO-VLT-DIC.OBS-2.0 OBS.EXECTIME 1359 OBS.GRP 0 OBS.ID 2174603 OBS.MOON.DIST 30 OBS.MOON.FLI 1.0 OBS.NAME LSS-LB227 OBS.OBSERVER UNKNOWN OBS.PI-COI.ID,0,0,,,/datalake/processeddata/csv-vltlogs/2020/02/log_wf2ors.2020-02-12.csv
8,LOG,2020-02-13T01:38:04.896Z,FORS2,wf2ors,wf2ors,wf2ors,bob_7551,61,seq,,,,... ESO-VLT-DIC.OBS-2.0 OBS.EXECTIME 1359 OBS.GRP 0 OBS.ID 2174603 OBS.MOON.DIST 30 OBS.MOON.FLI 1.0 OBS.NAME LSS-LB227 OBS.OBSERVER UNKNOWN OBS.PI-COI.ID,0,0,,,/datalake/processeddata/csv-vltlogs/2020/02/log_wf2ors.2020-02-12.csv
9,LOG,2020-02-13T01:45:31.581Z,FORS2,wf2ors,wf2ors,wf2ors,bob_7551,61,seq,,,,... ESO-VLT-DIC.OBS-2.0 OBS.EXECTIME 515 OBS.GRP 0 OBS.ID 2174665 OBS.MOON.DIST 30 OBS.MOON.FLI 1.0 OBS.NAME IMG-SA95_HR OBS.OBSERVER UNKNOWN OBS.PI-COI.ID,0,0,,,/datalake/processeddata/csv-vltlogs/2020/02/log_wf2ors.2020-02-12.csv
10,LOG,2020-02-13T01:47:37.764Z,FORS2,wf2ors,wf2ors,wf2ors,bob_7551,61,seq,,,,... ESO-VLT-DIC.OBS-2.0 OBS.EXECTIME 515 OBS.GRP 0 OBS.ID 2174665 OBS.MOON.DIST 30 OBS.MOON.FLI 1.0 OBS.NAME IMG-SA95_HR OBS.OBSERVER UNKNOWN OBS.PI-COI.ID,0,0,,,/datalake/processeddata/csv-vltlogs/2020/02/log_wf2ors.2020-02-12.csv
11,LOG,2020-02-13T01:48:22.281Z,FORS2,wf2ors,wf2ors,wf2ors,bob_7551,61,seq,,,,... ESO-VLT-DIC.OBS-2.0 OBS.EXECTIME 515 OBS.GRP 0 OBS.ID 2174665 OBS.MOON.DIST 30 OBS.MOON.FLI 1.0 OBS.NAME IMG-SA95_HR OBS.OBSERVER UNKNOWN OBS.PI-COI.ID,0,0,,,/datalake/processeddata/csv-vltlogs/2020/02/log_wf2ors.2020-02-12.csv
12,LOG,2020-02-13T00:26:05.608Z,FORS2,wf2ors,wf2ors,wf2ors,bob_7551,61,seq,,,,OB started at 2020-02-13T00:26:05,0,0,,,/datalake/processeddata/csv-vltlogs/2020/02/log_wf2ors.2020-02-12.csv
13,LOG,2020-02-13T00:26:35.445Z,FORS2,wf2ors,wf2ors,wf2ors,bob_7551,61,seq,,,,OB paused at 2020-02-13T00:26:35,0,0,,,/datalake/processeddata/csv-vltlogs/2020/02/log_wf2ors.2020-02-12.csv
14,LOG,2020-02-13T00:29:46.376Z,FORS2,wf2ors,wf2ors,wf2ors,bob_7551,61,seq,,,,OB paused at 2020-02-13T00:29:46,0,0,,,/datalake/processeddata/csv-vltlogs/2020/02/log_wf2ors.2020-02-12.csv
15,LOG,2020-02-13T00:30:18.170Z,FORS2,wf2ors,wf2ors,wf2ors,bob_7551,61,seq,,,,... ESO-VLT-DIC.OBS-2.0 OBS.EXECTIME 588 OBS.GRP 0 OBS.ID 200169261 OBS.MOON.DIST 30 OBS.MOON.FLI 1.0 OBS.NAME FORS2_realign-night OBS.OBSERVER UNKNOWN,0,0,,,/datalake/processeddata/csv-vltlogs/2020/02/log_wf2ors.2020-02-12.csv
16,LOG,2020-02-12T23:54:44.901Z,FORS2,wf2ors,wf2ors,wf2ors,bob_7551,61,seq,,,,... ESO-VLT-DIC.OBS-2.0 OBS.EXECTIME 2690 OBS.GRP 0 OBS.ID 200279109 OBS.MOON.DIST 30 OBS.MOON.FLI 1.0 OBS.NAME twil-ABCD-high-UBIVRz-SR-0427 OBS.OBSERVER,0,0,,,/datalake/processeddata/csv-vltlogs/2020/02/log_wf2ors.2020-02-12.csv
17,LOG,2020-02-13T00:07:53.201Z,FORS2,wf2ors,wf2ors,wf2ors,bob_7551,61,seq,,,,... ESO-VLT-DIC.OBS-2.0 OBS.EXECTIME 2690 OBS.GRP 0 OBS.ID 200279109 OBS.MOON.DIST 30 OBS.MOON.FLI 1.0 OBS.NAME twil-ABCD-high-UBIVRz-SR-0427 OBS.OBSERVER,0,0,,,/datalake/processeddata/csv-vltlogs/2020/02/log_wf2ors.2020-02-12.csv
18,LOG,2020-02-13T02:27:42.259Z,FORS2,wf2ors,wf2ors,wf2ors,bob_7551,61,seq,,,,... ESO-VLT-DIC.OBS-2.0 OBS.EXECTIME 3600 OBS.GRP 0 OBS.ID 2458281 OBS.MOON.DIST 30 OBS.MOON.FLI 1.0 OBS.NAME WR46_phase2 OBS.OBSERVER UNKNOWN OBS.PI-COI.ID,0,0,,,/datalake/processeddata/csv-vltlogs/2020/02/log_wf2ors.2020-02-12.csv
19,LOG,2020-02-13T03:04:02.054Z,FORS2,wf2ors,wf2ors,wf2ors,bob_7551,61,seq,,,,... ESO-VLT-DIC.OBS-2.0 OBS.EXECTIME 3600 OBS.GRP 0 OBS.ID 2458281 OBS.MOON.DIST 30 OBS.MOON.FLI 1.0 OBS.NAME WR46_phase2 OBS.OBSERVER UNKNOWN OBS.PI-COI.ID,0,0,,,/datalake/processeddata/csv-vltlogs/2020/02/log_wf2ors.2020-02-12.csv
20,LOG,2020-02-13T03:16:53.690Z,FORS2,wf2ors,wf2ors,wf2ors,bob_7551,61,seq,,,,OB started at 2020-02-13T03:16:53,0,0,,,/datalake/processeddata/csv-vltlogs/2020/02/log_wf2ors.2020-02-12.csv
21,LOG,2020-02-13T03:23:53.206Z,FORS2,wf2ors,wf2ors,wf2ors,bob_7551,61,seq,,,,... ESO-VLT-DIC.OBS-2.0 OBS.EXECTIME 3465 OBS.GRP 0 OBS.ID 2700369 OBS.MOON.DIST 30 OBS.MOON.FLI 1.0 OBS.NAME MOV_137P_02_10-02_17_1 OBS.OBSERVER UNKNOWN,0,0,,,/datalake/processeddata/csv-vltlogs/2020/02/log_wf2ors.2020-02-12.csv
22,LOG,2020-02-13T03:29:47.743Z,FORS2,wf2ors,wf2ors,wf2ors,bob_7551,61,seq,,,,... ESO-VLT-DIC.OBS-2.0 OBS.EXECTIME 3465 OBS.GRP 0 OBS.ID 2700369 OBS.MOON.DIST 30 OBS.MOON.FLI 1.0 OBS.NAME MOV_137P_02_10-02_17_1 OBS.OBSERVER UNKNOWN,0,0,,,/datalake/processeddata/csv-vltlogs/2020/02/log_wf2ors.2020-02-12.csv
23,LOG,2020-02-13T03:35:43.755Z,FORS2,wf2ors,wf2ors,wf2ors,bob_7551,61,seq,,,,... ESO-VLT-DIC.OBS-2.0 OBS.EXECTIME 3465 OBS.GRP 0 OBS.ID 2700369 OBS.MOON.DIST 30 OBS.MOON.FLI 1.0 OBS.NAME MOV_137P_02_10-02_17_1 OBS.OBSERVER UNKNOWN,0,0,,,/datalake/processeddata/csv-vltlogs/2020/02/log_wf2ors.2020-02-12.csv
24,LOG,2020-02-13T03:39:42.252Z,FORS2,wf2ors,wf2ors,wf2ors,bob_7551,61,seq,,,,... ESO-VLT-DIC.OBS-2.0 OBS.EXECTIME 3465 OBS.GRP 0 OBS.ID 2700369 OBS.MOON.DIST 30 OBS.MOON.FLI 1.0 OBS.NAME MOV_137P_02_10-02_17_1 OBS.OBSERVER UNKNOWN,0,0,,,/datalake/processeddata/csv-vltlogs/2020/02/log_wf2ors.2020-02-12.csv
25,LOG,2020-02-13T03:43:37.739Z,FORS2,wf2ors,wf2ors,wf2ors,bob_7551,61,seq,,,,... ESO-VLT-DIC.OBS-2.0 OBS.EXECTIME 3465 OBS.GRP 0 OBS.ID 2700369 OBS.MOON.DIST 30 OBS.MOON.FLI 1.0 OBS.NAME MOV_137P_02_10-02_17_1 OBS.OBSERVER UNKNOWN,0,0,,,/datalake/processeddata/csv-vltlogs/2020/02/log_wf2ors.2020-02-12.csv
26,LOG,2020-02-13T03:47:34.801Z,FORS2,wf2ors,wf2ors,wf2ors,bob_7551,61,seq,,,,... ESO-VLT-DIC.OBS-2.0 OBS.EXECTIME 3465 OBS.GRP 0 OBS.ID 2700369 OBS.MOON.DIST 30 OBS.MOON.FLI 1.0 OBS.NAME MOV_137P_02_10-02_17_1 OBS.OBSERVER UNKNOWN,0,0,,,/datalake/processeddata/csv-vltlogs/2020/02/log_wf2ors.2020-02-12.csv
27,LOG,2020-02-13T03:49:32.797Z,FORS2,wf2ors,wf2ors,wf2ors,bob_7551,61,seq,,,,... ESO-VLT-DIC.OBS-2.0 OBS.EXECTIME 3465 OBS.GRP 0 OBS.ID 2700369 OBS.MOON.DIST 30 OBS.MOON.FLI 1.0 OBS.NAME MOV_137P_02_10-02_17_1 OBS.OBSERVER UNKNOWN,0,0,,,/datalake/processeddata/csv-vltlogs/2020/02/log_wf2ors.2020-02-12.csv
28,LOG,2020-02-13T03:51:30.779Z,FORS2,wf2ors,wf2ors,wf2ors,bob_7551,61,seq,,,,... ESO-VLT-DIC.OBS-2.0 OBS.EXECTIME 3465 OBS.GRP 0 OBS.ID 2700369 OBS.MOON.DIST 30 OBS.MOON.FLI 1.0 OBS.NAME MOV_137P_02_10-02_17_1 OBS.OBSERVER UNKNOWN,0,0,,,/datalake/processeddata/csv-vltlogs/2020/02/log_wf2ors.2020-02-12.csv
29,LOG,2020-02-13T03:59:23.765Z,FORS2,wf2ors,wf2ors,wf2ors,bob_7551,61,seq,,,,... ESO-VLT-DIC.OBS-2.0 OBS.EXECTIME 3465 OBS.GRP 0 OBS.ID 2700369 OBS.MOON.DIST 30 OBS.MOON.FLI 1.0 OBS.NAME MOV_137P_02_10-02_17_1 OBS.OBSERVER UNKNOWN,0,0,,,/datalake/processeddata/csv-vltlogs/2020/02/log_wf2ors.2020-02-12.csv
30,LOG,2020-02-13T02:01:48.152Z,FORS2,wf2ors,wf2ors,wf2ors,bob_7551,61,seq,,,,... ESO-VLT-DIC.OBS-2.0 OBS.EXECTIME 1573 OBS.GRP 0 OBS.ID 200278603 OBS.MOON.DIST 30 OBS.MOON.FLI 1.0 OBS.NAME specphot-HD49798 OBS.OBSERVER UNKNOWN,0,0,,,/datalake/processeddata/csv-vltlogs/2020/02/log_wf2ors.2020-02-12.csv
31,LOG,2020-02-13T02:03:02.772Z,FORS2,wf2ors,wf2ors,wf2ors,bob_7551,61,seq,,,,... ESO-VLT-DIC.OBS-2.0 OBS.EXECTIME 1573 OBS.GRP 0 OBS.ID 200278603 OBS.MOON.DIST 30 OBS.MOON.FLI 1.0 OBS.NAME specphot-HD49798 OBS.OBSERVER UNKNOWN,0,0,,,/datalake/processeddata/csv-vltlogs/2020/02/log_wf2ors.2020-02-12.csv
32,LOG,2020-02-13T02:04:05.406Z,FORS2,wf2ors,wf2ors,wf2ors,bob_7551,61,seq,,,,... ESO-VLT-DIC.OBS-2.0 OBS.EXECTIME 1573 OBS.GRP 0 OBS.ID 200278603 OBS.MOON.DIST 30 OBS.MOON.FLI 1.0 OBS.NAME specphot-HD49798 OBS.OBSERVER UNKNOWN,0,0,,,/datalake/processeddata/csv-vltlogs/2020/02/log_wf2ors.2020-02-12.csv
33,LOG,2020-02-13T02:10:23.523Z,FORS2,wf2ors,wf2ors,wf2ors,bob_7551,61,seq,,,,... ESO-VLT-DIC.OBS-2.0 OBS.EXECTIME 1573 OBS.GRP 0 OBS.ID 200278603 OBS.MOON.DIST 30 OBS.MOON.FLI 1.0 OBS.NAME specphot-HD49798 OBS.OBSERVER UNKNOWN,0,0,,,/datalake/processeddata/csv-vltlogs/2020/02/log_wf2ors.2020-02-12.csv
34,LOG,2020-02-13T02:13:19.652Z,FORS2,wf2ors,wf2ors,wf2ors,bob_7551,61,seq,,,,OB finished (TERMINATED) in 1428 seconds at 2020-02-13T02:13:19,0,0,,,/datalake/processeddata/csv-vltlogs/2020/02/log_wf2ors.2020-02-12.csv
35,LOG,2020-02-13T02:14:04.348Z,FORS2,wf2ors,wf2ors,wf2ors,bob_7551,61,seq,,,,(OBS.NAME: WR46_phase2 // OBS.ID: 2458281),0,0,,,/datalake/processeddata/csv-vltlogs/2020/02/log_wf2ors.2020-02-12.csv
36,LOG,2020-02-13T04:05:22.838Z,FORS2,wf2ors,wf2ors,wf2ors,bob_7551,61,seq,,,,... ESO-VLT-DIC.OBS-2.0 OBS.EXECTIME 3465 OBS.GRP 0 OBS.ID 2700369 OBS.MOON.DIST 30 OBS.MOON.FLI 1.0 OBS.NAME MOV_137P_02_10-02_17_1 OBS.OBSERVER UNKNOWN,0,0,,,/datalake/processeddata/csv-vltlogs/2020/02/log_wf2ors.2020-02-12.csv
37,LOG,2020-02-13T04:15:08.835Z,FORS2,wf2ors,wf2ors,wf2ors,bob_7551,61,seq,,,,... ESO-VLT-DIC.OBS-2.0 OBS.EXECTIME 3465 OBS.GRP 0 OBS.ID 2700369 OBS.MOON.DIST 30 OBS.MOON.FLI 1.0 OBS.NAME MOV_137P_02_10-02_17_1 OBS.OBSERVER UNKNOWN,0,0,,,/datalake/processeddata/csv-vltlogs/2020/02/log_wf2ors.2020-02-12.csv
38,LOG,2020-02-13T04:17:09.853Z,FORS2,wf2ors,wf2ors,wf2ors,bob_7551,61,seq,,,,... ESO-VLT-DIC.OBS-2.0 OBS.EXECTIME 3465 OBS.GRP 0 OBS.ID 2700369 OBS.MOON.DIST 30 OBS.MOON.FLI 1.0 OBS.NAME MOV_137P_02_10-02_17_1 OBS.OBSERVER UNKNOWN,0,0,,,/datalake/processeddata/csv-vltlogs/2020/02/log_wf2ors.2020-02-12.csv
39,LOG,2020-02-13T04:21:03.661Z,FORS2,wf2ors,wf2ors,wf2ors,bob_7551,61,seq,,,,OB finished (TERMINATED) in 3850 seconds at 2020-02-13T04:21:03,0,0,,,/datalake/processeddata/csv-vltlogs/2020/02/log_wf2ors.2020-02-12.csv
40,LOG,2020-02-13T04:25:59.357Z,FORS2,wf2ors,wf2ors,wf2ors,bob_7551,61,seq,,,,... ESO-VLT-DIC.OBS-2.0 OBS.EXECTIME 3600 OBS.GRP 0 OBS.ID 2458298 OBS.MOON.DIST 30 OBS.MOON.FLI 1.0 OBS.NAME WR55_phase1 OBS.OBSERVER UNKNOWN OBS.PI-COI.ID,0,0,,,/datalake/processeddata/csv-vltlogs/2020/02/log_wf2ors.2020-02-12.csv
41,LOG,2020-02-13T04:27:30.170Z,FORS2,wf2ors,wf2ors,wf2ors,bob_7551,61,seq,,,,... ESO-VLT-DIC.OBS-2.0 OBS.EXECTIME 3600 OBS.GRP 0 OBS.ID 2458298 OBS.MOON.DIST 30 OBS.MOON.FLI 1.0 OBS.NAME WR55_phase1 OBS.OBSERVER UNKNOWN OBS.PI-COI.ID,0,0,,,/datalake/processeddata/csv-vltlogs/2020/02/log_wf2ors.2020-02-12.csv
42,LOG,2020-02-13T04:28:32.761Z,FORS2,wf2ors,wf2ors,wf2ors,bob_7551,61,seq,,,,... ESO-VLT-DIC.OBS-2.0 OBS.EXECTIME 3600 OBS.GRP 0 OBS.ID 2458298 OBS.MOON.DIST 30 OBS.MOON.FLI 1.0 OBS.NAME WR55_phase1 OBS.OBSERVER UNKNOWN OBS.PI-COI.ID,0,0,,,/datalake/processeddata/csv-vltlogs/2020/02/log_wf2ors.2020-02-12.csv
43,LOG,2020-02-13T04:44:43.002Z,FORS2,wf2ors,wf2ors,wf2ors,bob_7551,61,seq,,,,... ESO-VLT-DIC.OBS-2.0 OBS.EXECTIME 3600 OBS.GRP 0 OBS.ID 2458298 OBS.MOON.DIST 30 OBS.MOON.FLI 1.0 OBS.NAME WR55_phase1 OBS.OBSERVER UNKNOWN OBS.PI-COI.ID,0,0,,,/datalake/processeddata/csv-vltlogs/2020/02/log_wf2ors.2020-02-12.csv
44,LOG,2020-02-13T04:51:02.412Z,FORS2,wf2ors,wf2ors,wf2ors,bob_7551,61,seq,,,,... ESO-VLT-DIC.OBS-2.0 OBS.EXECTIME 3600 OBS.GRP 0 OBS.ID 2458298 OBS.MOON.DIST 30 OBS.MOON.FLI 1.0 OBS.NAME WR55_phase1 OBS.OBSERVER UNKNOWN OBS.PI-COI.ID,0,0,,,/datalake/processeddata/csv-vltlogs/2020/02/log_wf2ors.2020-02-12.csv
45,LOG,2020-02-13T05:21:15.179Z,FORS2,wf2ors,wf2ors,wf2ors,bob_7551,61,seq,,,,(OBS.NAME: Photom-std // OBS.ID: 200279199),0,0,,,/datalake/processeddata/csv-vltlogs/2020/02/log_wf2ors.2020-02-12.csv
46,LOG,2020-02-13T05:26:07.705Z,FORS2,wf2ors,wf2ors,wf2ors,bob_7551,61,seq,,,,OB finished (TERMINATED) in 292 seconds at 2020-02-13T05:26:07,0,0,,,/datalake/processeddata/csv-vltlogs/2020/02/log_wf2ors.2020-02-12.csv
47,LOG,2020-02-13T01:18:16.179Z,FORS2,wf2ors,wf2ors,wf2ors,bob_7551,61,seq,,,,... ESO-VLT-DIC.OBS-2.0 OBS.EXECTIME 808 OBS.GRP 0 OBS.ID 2174600 OBS.MOON.DIST 30 OBS.MOON.FLI 1.0 OBS.NAME IMG-SA95 OBS.OBSERVER UNKNOWN OBS.PI-COI.ID,0,0,,,/datalake/processeddata/csv-vltlogs/2020/02/log_wf2ors.2020-02-12.csv
48,LOG,2020-02-13T00:41:55.064Z,FORS2,wf2ors,wf2ors,wf2ors,bob_7551,61,seq,,,,OB finished (TERMINATED) in 949 seconds at 2020-02-13T00:41:54,0,0,,,/datalake/processeddata/csv-vltlogs/2020/02/log_wf2ors.2020-02-12.csv
49,LOG,2020-02-13T01:09:21.769Z,FORS2,wf2ors,wf2ors,wf2ors,bob_7551,61,seq,,,,SETUP  -function  OBS.DID ESO-VLT-DIC.OBS-2.0 OBS.EXECTIME 599 OBS.GRP 0 OBS.ID 200279190 OBS.NAME Photom-std OBS.OBSERVER UNKNOWN OBS.PI-COI.ID 70033,0,0,,,/datalake/processeddata/csv-vltlogs/2020/02/log_wf2ors.2020-02-12.csv
50,LOG,2020-02-13T01:10:54.263Z,FORS2,wf2ors,wf2ors,wf2ors,bob_7551,61,seq,,,,OB started at 2020-02-13T01:10:54,0,0,,,/datalake/processeddata/csv-vltlogs/2020/02/log_wf2ors.2020-02-12.csv
51,LOG,2020-02-13T01:03:22.823Z,FORS2,wf2ors,wf2ors,wf2ors,bob_7551,61,seq,,,,OB started at 2020-02-13T01:03:22,0,0,,,/datalake/processeddata/csv-vltlogs/2020/02/log_wf2ors.2020-02-12.csv
52,LOG,2020-02-13T01:08:25.664Z,FORS2,wf2ors,wf2ors,wf2ors,expExpoCoordTask,186,exp,,,,"SetupCB: Got SETUP command. Buffer = ,,OBS.DID ESO-VLT-DIC.OBS-2.0 OBS.EXECTIME 599 OBS.GRP 0 OBS.ID 200279190 OBS.NAME Photom-std OBS.OBSERVER UNKNOWN OBS.PI-COI.ID 70033",0,0,,,/datalake/processeddata/csv-vltlogs/2020/02/log_wf2ors.2020-02-12.csv
53,LOG,2020-02-13T01:10:13.131Z,FORS2,wf2ors,wf2ors,wf2ors,expExpoCoordTask,186,exp,,,,"SetupCB: Got SETUP command. Buffer = ,,OBS.DID ESO-VLT-DIC.OBS-2.0 OBS.EXECTIME 599 OBS.GRP 0 OBS.ID 200279190 OBS.NAME Photom-std OBS.OBSERVER UNKNOWN OBS.PI-COI.ID 70033",0,0,,,/datalake/processeddata/csv-vltlogs/2020/02/log_wf2ors.2020-02-12.csv
54,LOG,2020-02-13T01:31:58.235Z,FORS2,wf2ors,wf2ors,wf2ors,bob_7551,61,seq,,,,... ESO-VLT-DIC.OBS-2.0 OBS.EXECTIME 1359 OBS.GRP 0 OBS.ID 2174603 OBS.MOON.DIST 30 OBS.MOON.FLI 1.0 OBS.NAME LSS-LB227 OBS.OBSERVER UNKNOWN OBS.PI-COI.ID,0,0,,,/datalake/processeddata/csv-vltlogs/2020/02/log_wf2ors.2020-02-12.csv
55,LOG,2020-02-13T01:40:17.736Z,FORS2,wf2ors,wf2ors,wf2ors,bob_7551,61,seq,,,,OB finished (TERMINATED) in 1045 seconds at 2020-02-13T01:40:17,0,0,,,/datalake/processeddata/csv-vltlogs/2020/02/log_wf2ors.2020-02-12.csv
56,LOG,2020-02-13T01:46:12.997Z,FORS2,wf2ors,wf2ors,wf2ors,bob_7551,61,seq,,,,... ESO-VLT-DIC.OBS-2.0 OBS.EXECTIME 515 OBS.GRP 0 OBS.ID 2174665 OBS.MOON.DIST 30 OBS.MOON.FLI 1.0 OBS.NAME IMG-SA95_HR OBS.OBSERVER UNKNOWN OBS.PI-COI.ID,0,0,,,/datalake/processeddata/csv-vltlogs/2020/02/log_wf2ors.2020-02-12.csv
57,LOG,2020-02-13T01:22:43.742Z,FORS2,wf2ors,wf2ors,wf2ors,bob_7551,61,seq,,,,OB finished (TERMINATED) in 709 seconds at 2020-02-13T01:22:43,0,0,,,/datalake/processeddata/csv-vltlogs/2020/02/log_wf2ors.2020-02-12.csv
58,LOG,2020-02-13T01:30:38.024Z,FORS2,wf2ors,wf2ors,wf2ors,bob_7551,61,seq,,,,... ESO-VLT-DIC.OBS-2.0 OBS.EXECTIME 1359 OBS.GRP 0 OBS.ID 2174603 OBS.MOON.DIST 30 OBS.MOON.FLI 1.0 OBS.NAME LSS-LB227 OBS.OBSERVER UNKNOWN OBS.PI-COI.ID,0,0,,,/datalake/processeddata/csv-vltlogs/2020/02/log_wf2ors.2020-02-12.csv
59,LOG,2020-02-13T01:49:00.643Z,FORS2,wf2ors,wf2ors,wf2ors,bob_7551,61,seq,,,,OB finished (TERMINATED) in 507 seconds at 2020-02-13T01:49:00,0,0,,,/datalake/processeddata/csv-vltlogs/2020/02/log_wf2ors.2020-02-12.csv
60,LOG,2020-02-13T01:49:31.625Z,FORS2,wf2ors,wf2ors,wf2ors,bob_7551,61,seq,,,,OB started at 2020-02-13T01:49:31,0,0,,,/datalake/processeddata/csv-vltlogs/2020/02/log_wf2ors.2020-02-12.csv
61,LOG,2020-02-13T01:56:42.322Z,FORS2,wf2ors,wf2ors,wf2ors,bob_7551,61,seq,,,,... ESO-VLT-DIC.OBS-2.0 OBS.EXECTIME 1573 OBS.GRP 0 OBS.ID 200278603 OBS.MOON.DIST 30 OBS.MOON.FLI 1.0 OBS.NAME specphot-HD49798 OBS.OBSERVER UNKNOWN,0,0,,,/datalake/processeddata/csv-vltlogs/2020/02/log_wf2ors.2020-02-12.csv
62,LOG,2020-02-13T01:58:15.073Z,FORS2,wf2ors,wf2ors,wf2ors,bob_7551,61,seq,,,,... ESO-VLT-DIC.OBS-2.0 OBS.EXECTIME 1573 OBS.GRP 0 OBS.ID 200278603 OBS.MOON.DIST 30 OBS.MOON.FLI 1.0 OBS.NAME specphot-HD49798 OBS.OBSERVER UNKNOWN,0,0,,,/datalake/processeddata/csv-vltlogs/2020/02/log_wf2ors.2020-02-12.csv
63,LOG,2020-02-12T23:55:32.788Z,FORS2,wf2ors,wf2ors,wf2ors,bob_7551,61,seq,,,,... ESO-VLT-DIC.OBS-2.0 OBS.EXECTIME 2690 OBS.GRP 0 OBS.ID 200279109 OBS.MOON.DIST 30 OBS.MOON.FLI 1.0 OBS.NAME twil-ABCD-high-UBIVRz-SR-0427 OBS.OBSERVER,0,0,,,/datalake/processeddata/csv-vltlogs/2020/02/log_wf2ors.2020-02-12.csv
64,LOG,2020-02-12T23:56:30.847Z,FORS2,wf2ors,wf2ors,wf2ors,bob_7551,61,seq,,,,... ESO-VLT-DIC.OBS-2.0 OBS.EXECTIME 2690 OBS.GRP 0 OBS.ID 200279109 OBS.MOON.DIST 30 OBS.MOON.FLI 1.0 OBS.NAME twil-ABCD-high-UBIVRz-SR-0427 OBS.OBSERVER,0,0,,,/datalake/processeddata/csv-vltlogs/2020/02/log_wf2ors.2020-02-12.csv
65,LOG,2020-02-12T23:57:02.296Z,FORS2,wf2ors,wf2ors,wf2ors,bob_7551,61,seq,,,,... ESO-VLT-DIC.OBS-2.0 OBS.EXECTIME 2690 OBS.GRP 0 OBS.ID 200279109 OBS.MOON.DIST 30 OBS.MOON.FLI 1.0 OBS.NAME twil-ABCD-high-UBIVRz-SR-0427 OBS.OBSERVER,0,0,,,/datalake/processeddata/csv-vltlogs/2020/02/log_wf2ors.2020-02-12.csv
66,LOG,2020-02-12T23:57:34.849Z,FORS2,wf2ors,wf2ors,wf2ors,bob_7551,61,seq,,,,... ESO-VLT-DIC.OBS-2.0 OBS.EXECTIME 2690 OBS.GRP 0 OBS.ID 200279109 OBS.MOON.DIST 30 OBS.MOON.FLI 1.0 OBS.NAME twil-ABCD-high-UBIVRz-SR-0427 OBS.OBSERVER,0,0,,,/datalake/processeddata/csv-vltlogs/2020/02/log_wf2ors.2020-02-12.csv
67,LOG,2020-02-12T23:58:07.848Z,FORS2,wf2ors,wf2ors,wf2ors,bob_7551,61,seq,,,,... ESO-VLT-DIC.OBS-2.0 OBS.EXECTIME 2690 OBS.GRP 0 OBS.ID 200279109 OBS.MOON.DIST 30 OBS.MOON.FLI 1.0 OBS.NAME twil-ABCD-high-UBIVRz-SR-0427 OBS.OBSERVER,0,0,,,/datalake/processeddata/csv-vltlogs/2020/02/log_wf2ors.2020-02-12.csv
68,LOG,2020-02-13T00:00:04.801Z,FORS2,wf2ors,wf2ors,wf2ors,bob_7551,61,seq,,,,... ESO-VLT-DIC.OBS-2.0 OBS.EXECTIME 2690 OBS.GRP 0 OBS.ID 200279109 OBS.MOON.DIST 30 OBS.MOON.FLI 1.0 OBS.NAME twil-ABCD-high-UBIVRz-SR-0427 OBS.OBSERVER,0,0,,,/datalake/processeddata/csv-vltlogs/2020/02/log_wf2ors.2020-02-12.csv
69,LOG,2020-02-13T00:01:45.704Z,FORS2,wf2ors,wf2ors,wf2ors,bob_7551,61,seq,,,,... ESO-VLT-DIC.OBS-2.0 OBS.EXECTIME 2690 OBS.GRP 0 OBS.ID 200279109 OBS.MOON.DIST 30 OBS.MOON.FLI 1.0 OBS.NAME twil-ABCD-high-UBIVRz-SR-0427 OBS.OBSERVER,0,0,,,/datalake/processeddata/csv-vltlogs/2020/02/log_wf2ors.2020-02-12.csv
70,LOG,2020-02-13T00:04:32.295Z,FORS2,wf2ors,wf2ors,wf2ors,bob_7551,61,seq,,,,... ESO-VLT-DIC.OBS-2.0 OBS.EXECTIME 2690 OBS.GRP 0 OBS.ID 200279109 OBS.MOON.DIST 30 OBS.MOON.FLI 1.0 OBS.NAME twil-ABCD-high-UBIVRz-SR-0427 OBS.OBSERVER,0,0,,,/datalake/processeddata/csv-vltlogs/2020/02/log_wf2ors.2020-02-12.csv
71,LOG,2020-02-13T00:11:59.241Z,FORS2,wf2ors,wf2ors,wf2ors,bob_7551,61,seq,,,,... ESO-VLT-DIC.OBS-2.0 OBS.EXECTIME 2690 OBS.GRP 0 OBS.ID 200279109 OBS.MOON.DIST 30 OBS.MOON.FLI 1.0 OBS.NAME twil-ABCD-high-UBIVRz-SR-0427 OBS.OBSERVER,0,0,,,/datalake/processeddata/csv-vltlogs/2020/02/log_wf2ors.2020-02-12.csv
72,LOG,2020-02-13T00:20:25.241Z,FORS2,wf2ors,wf2ors,wf2ors,bob_7551,61,seq,,,,OB continued at 2020-02-13T00:20:25,0,0,,,/datalake/processeddata/csv-vltlogs/2020/02/log_wf2ors.2020-02-12.csv
73,LOG,2020-02-12T23:53:43.953Z,FORS2,wf2ors,wf2ors,wf2ors,bob_7551,61,seq,,,,... ESO-VLT-DIC.OBS-2.0 OBS.EXECTIME 2690 OBS.GRP 0 OBS.ID 200279109 OBS.MOON.DIST 30 OBS.MOON.FLI 1.0 OBS.NAME twil-ABCD-high-UBIVRz-SR-0427 OBS.OBSERVER,0,0,,,/datalake/processeddata/csv-vltlogs/2020/02/log_wf2ors.2020-02-12.csv
74,LOG,2020-02-12T23:54:13.946Z,FORS2,wf2ors,wf2ors,wf2ors,bob_7551,61,seq,,,,... ESO-VLT-DIC.OBS-2.0 OBS.EXECTIME 2690 OBS.GRP 0 OBS.ID 200279109 OBS.MOON.DIST 30 OBS.MOON.FLI 1.0 OBS.NAME twil-ABCD-high-UBIVRz-SR-0427 OBS.OBSERVER,0,0,,,/datalake/processeddata/csv-vltlogs/2020/02/log_wf2ors.2020-02-12.csv
75,LOG,2020-02-12T23:58:51.990Z,FORS2,wf2ors,wf2ors,wf2ors,bob_7551,61,seq,,,,... ESO-VLT-DIC.OBS-2.0 OBS.EXECTIME 2690 OBS.GRP 0 OBS.ID 200279109 OBS.MOON.DIST 30 OBS.MOON.FLI 1.0 OBS.NAME twil-ABCD-high-UBIVRz-SR-0427 OBS.OBSERVER,0,0,,,/datalake/processeddata/csv-vltlogs/2020/02/log_wf2ors.2020-02-12.csv
76,LOG,2020-02-13T00:02:43.754Z,FORS2,wf2ors,wf2ors,wf2ors,bob_7551,61,seq,,,,... ESO-VLT-DIC.OBS-2.0 OBS.EXECTIME 2690 OBS.GRP 0 OBS.ID 200279109 OBS.MOON.DIST 30 OBS.MOON.FLI 1.0 OBS.NAME twil-ABCD-high-UBIVRz-SR-0427 OBS.OBSERVER,0,0,,,/datalake/processeddata/csv-vltlogs/2020/02/log_wf2ors.2020-02-12.csv
77,LOG,2020-02-13T00:04:05.558Z,FORS2,wf2ors,wf2ors,wf2ors,bob_7551,61,seq,,,,... ESO-VLT-DIC.OBS-2.0 OBS.EXECTIME 2690 OBS.GRP 0 OBS.ID 200279109 OBS.MOON.DIST 30 OBS.MOON.FLI 1.0 OBS.NAME twil-ABCD-high-UBIVRz-SR-0427 OBS.OBSERVER,0,0,,,/datalake/processeddata/csv-vltlogs/2020/02/log_wf2ors.2020-02-12.csv
78,LOG,2020-02-13T00:25:07.286Z,FORS2,wf2ors,wf2ors,wf2ors,bob_7551,61,seq,,,,OB finished (TERMINATED) in 522 seconds at 2020-02-13T00:25:07,0,0,,,/datalake/processeddata/csv-vltlogs/2020/02/log_wf2ors.2020-02-12.csv
79,LOG,2020-02-12T23:53:13.900Z,FORS2,wf2ors,wf2ors,wf2ors,bob_7551,61,seq,,,,... ESO-VLT-DIC.OBS-2.0 OBS.EXECTIME 2690 OBS.GRP 0 OBS.ID 200279109 OBS.MOON.DIST 30 OBS.MOON.FLI 1.0 OBS.NAME twil-ABCD-high-UBIVRz-SR-0427 OBS.OBSERVER,0,0,,,/datalake/processeddata/csv-vltlogs/2020/02/log_wf2ors.2020-02-12.csv
80,LOG,2020-02-13T00:18:52.269Z,FORS2,wf2ors,wf2ors,wf2ors,bob_7551,61,seq,,,,OB paused at 2020-02-13T00:18:52,0,0,,,/datalake/processeddata/csv-vltlogs/2020/02/log_wf2ors.2020-02-12.csv
81,LOG,2020-02-13T00:21:47.701Z,FORS2,wf2ors,wf2ors,wf2ors,bob_7551,61,seq,,,,... ESO-VLT-DIC.OBS-2.0 OBS.EXECTIME 588 OBS.GRP 0 OBS.ID 200169261 OBS.MOON.DIST 30 OBS.MOON.FLI 1.0 OBS.NAME FORS2_realign-night OBS.OBSERVER UNKNOWN,0,0,,,/datalake/processeddata/csv-vltlogs/2020/02/log_wf2ors.2020-02-12.csv
82,LOG,2020-02-13T00:26:05.608Z,FORS2,wf2ors,wf2ors,wf2ors,bob_7551,61,seq,,,,(OBS.NAME: FORS2_realign-night // OBS.ID: 200169261),0,0,,,/datalake/processeddata/csv-vltlogs/2020/02/log_wf2ors.2020-02-12.csv
83,LOG,2020-02-13T00:27:14.748Z,FORS2,wf2ors,wf2ors,wf2ors,bob_7551,61,seq,,,,OB continued at 2020-02-13T00:27:14,0,0,,,/datalake/processeddata/csv-vltlogs/2020/02/log_wf2ors.2020-02-12.csv
84,LOG,2020-02-13T02:46:07.452Z,FORS2,wf2ors,wf2ors,wf2ors,bob_7551,61,seq,,,,... ESO-VLT-DIC.OBS-2.0 OBS.EXECTIME 3600 OBS.GRP 0 OBS.ID 2458281 OBS.MOON.DIST 30 OBS.MOON.FLI 1.0 OBS.NAME WR46_phase2 OBS.OBSERVER UNKNOWN OBS.PI-COI.ID,0,0,,,/datalake/processeddata/csv-vltlogs/2020/02/log_wf2ors.2020-02-12.csv
85,LOG,2020-02-13T03:25:49.171Z,FORS2,wf2ors,wf2ors,wf2ors,bob_7551,61,seq,,,,... ESO-VLT-DIC.OBS-2.0 OBS.EXECTIME 3465 OBS.GRP 0 OBS.ID 2700369 OBS.MOON.DIST 30 OBS.MOON.FLI 1.0 OBS.NAME MOV_137P_02_10-02_17_1 OBS.OBSERVER UNKNOWN,0,0,,,/datalake/processeddata/csv-vltlogs/2020/02/log_wf2ors.2020-02-12.csv
86,LOG,2020-02-13T03:37:43.765Z,FORS2,wf2ors,wf2ors,wf2ors,bob_7551,61,seq,,,,... ESO-VLT-DIC.OBS-2.0 OBS.EXECTIME 3465 OBS.GRP 0 OBS.ID 2700369 OBS.MOON.DIST 30 OBS.MOON.FLI 1.0 OBS.NAME MOV_137P_02_10-02_17_1 OBS.OBSERVER UNKNOWN,0,0,,,/datalake/processeddata/csv-vltlogs/2020/02/log_wf2ors.2020-02-12.csv
87,LOG,2020-02-13T03:45:37.305Z,FORS2,wf2ors,wf2ors,wf2ors,bob_7551,61,seq,,,,... ESO-VLT-DIC.OBS-2.0 OBS.EXECTIME 3465 OBS.GRP 0 OBS.ID 2700369 OBS.MOON.DIST 30 OBS.MOON.FLI 1.0 OBS.NAME MOV_137P_02_10-02_17_1 OBS.OBSERVER UNKNOWN,0,0,,,/datalake/processeddata/csv-vltlogs/2020/02/log_wf2ors.2020-02-12.csv
88,LOG,2020-02-13T03:57:25.779Z,FORS2,wf2ors,wf2ors,wf2ors,bob_7551,61,seq,,,,... ESO-VLT-DIC.OBS-2.0 OBS.EXECTIME 3465 OBS.GRP 0 OBS.ID 2700369 OBS.MOON.DIST 30 OBS.MOON.FLI 1.0 OBS.NAME MOV_137P_02_10-02_17_1 OBS.OBSERVER UNKNOWN,0,0,,,/datalake/processeddata/csv-vltlogs/2020/02/log_wf2ors.2020-02-12.csv
89,LOG,2020-02-13T04:01:24.869Z,FORS2,wf2ors,wf2ors,wf2ors,bob_7551,61,seq,,,,... ESO-VLT-DIC.OBS-2.0 OBS.EXECTIME 3465 OBS.GRP 0 OBS.ID 2700369 OBS.MOON.DIST 30 OBS.MOON.FLI 1.0 OBS.NAME MOV_137P_02_10-02_17_1 OBS.OBSERVER UNKNOWN,0,0,,,/datalake/processeddata/csv-vltlogs/2020/02/log_wf2ors.2020-02-12.csv
90,LOG,2020-02-13T02:34:00.431Z,FORS2,wf2ors,wf2ors,wf2ors,bob_7551,61,seq,,,,... ESO-VLT-DIC.OBS-2.0 OBS.EXECTIME 3600 OBS.GRP 0 OBS.ID 2458281 OBS.MOON.DIST 30 OBS.MOON.FLI 1.0 OBS.NAME WR46_phase2 OBS.OBSERVER UNKNOWN OBS.PI-COI.ID,0,0,,,/datalake/processeddata/csv-vltlogs/2020/02/log_wf2ors.2020-02-12.csv
91,LOG,2020-02-13T02:58:14.451Z,FORS2,wf2ors,wf2ors,wf2ors,bob_7551,61,seq,,,,... ESO-VLT-DIC.OBS-2.0 OBS.EXECTIME 3600 OBS.GRP 0 OBS.ID 2458281 OBS.MOON.DIST 30 OBS.MOON.FLI 1.0 OBS.NAME WR46_phase2 OBS.OBSERVER UNKNOWN OBS.PI-COI.ID,0,0,,,/datalake/processeddata/csv-vltlogs/2020/02/log_wf2ors.2020-02-12.csv
92,LOG,2020-02-13T03:16:53.690Z,FORS2,wf2ors,wf2ors,wf2ors,bob_7551,61,seq,,,,(OBS.NAME: MOV_137P_02_10-02_17_1 // OBS.ID: 2700369),0,0,,,/datalake/processeddata/csv-vltlogs/2020/02/log_wf2ors.2020-02-12.csv
93,LOG,2020-02-13T03:33:45.753Z,FORS2,wf2ors,wf2ors,wf2ors,bob_7551,61,seq,,,,... ESO-VLT-DIC.OBS-2.0 OBS.EXECTIME 3465 OBS.GRP 0 OBS.ID 2700369 OBS.MOON.DIST 30 OBS.MOON.FLI 1.0 OBS.NAME MOV_137P_02_10-02_17_1 OBS.OBSERVER UNKNOWN,0,0,,,/datalake/processeddata/csv-vltlogs/2020/02/log_wf2ors.2020-02-12.csv
94,LOG,2020-02-13T08:35:44.891Z,FORS2,wf2ors,wf2ors,wf2ors,bob_23246,226,seq,,,,OB started at 2020-02-13T08:35:44,0,0,,,/datalake/processeddata/csv-vltlogs/2020/02/log_wf2ors.2020-02-12.csv
95,LOG,2020-02-13T08:35:44.891Z,FORS2,wf2ors,wf2ors,wf2ors,bob_23246,226,seq,,,,(OBS.NAME: Zero_PMOS_WD1615-154 // OBS.ID: 200278041),0,0,,,/datalake/processeddata/csv-vltlogs/2020/02/log_wf2ors.2020-02-12.csv
96,LOG,2020-02-13T08:40:33.904Z,FORS2,wf2ors,wf2ors,wf2ors,bob_23246,226,seq,,,,... ESO-VLT-DIC.OBS-2.0 OBS.EXECTIME 1541 OBS.GRP 0 OBS.ID 200278041 OBS.MOON.DIST 30 OBS.MOON.FLI 1.0 OBS.NAME Zero_PMOS_WD1615-154 OBS.OBSERVER UNKNOWN,0,0,,,/datalake/processeddata/csv-vltlogs/2020/02/log_wf2ors.2020-02-12.csv
97,LOG,2020-02-12T23:40:57.867Z,FORS2,wf2ors,wf2ors,wf2ors,bob_7551,61,seq,,,,(OBS.NAME: twil-ABCD-high-UBIVRz-SR-0427 // OBS.ID: 200279109),0,0,,,/datalake/processeddata/csv-vltlogs/2020/02/log_wf2ors.2020-02-12.csv
98,LOG,2020-02-12T23:44:15.399Z,FORS2,wf2ors,wf2ors,wf2ors,bob_7551,61,seq,,,,... ESO-VLT-DIC.OBS-2.0 OBS.EXECTIME 2690 OBS.GRP 0 OBS.ID 200279109 OBS.MOON.DIST 30 OBS.MOON.FLI 1.0 OBS.NAME twil-ABCD-high-UBIVRz-SR-0427 OBS.OBSERVER,0,0,,,/datalake/processeddata/csv-vltlogs/2020/02/log_wf2ors.2020-02-12.csv
99,LOG,2020-02-12T23:46:23.208Z,FORS2,wf2ors,wf2ors,wf2ors,bob_7551,61,seq,,,,... ESO-VLT-DIC.OBS-2.0 OBS.EXECTIME 2690 OBS.GRP 0 OBS.ID 200279109 OBS.MOON.DIST 30 OBS.MOON.FLI 1.0 OBS.NAME twil-ABCD-high-UBIVRz-SR-0427 OBS.OBSERVER,0,0,,,/datalake/processeddata/csv-vltlogs/2020/02/log_wf2ors.2020-02-12.csv
100,LOG,2020-02-13T08:42:48.071Z,FORS2,wf2ors,wf2ors,wf2ors,bob_23246,226,seq,,,,OB paused at 2020-02-13T08:42:48,0,0,,,/datalake/processeddata/csv-vltlogs/2020/02/log_wf2ors.2020-02-12.csv
101,LOG,2020-02-13T08:42:51.309Z,FORS2,wf2ors,wf2ors,wf2ors,bob_23246,226,seq,,,,OB continued at 2020-02-13T08:42:51,0,0,,,/datalake/processeddata/csv-vltlogs/2020/02/log_wf2ors.2020-02-12.csv
102,LOG,2020-02-13T02:06:45.971Z,FORS2,wf2ors,wf2ors,wf2ors,bob_7551,61,seq,,,,... ESO-VLT-DIC.OBS-2.0 OBS.EXECTIME 1573 OBS.GRP 0 OBS.ID 200278603 OBS.MOON.DIST 30 OBS.MOON.FLI 1.0 OBS.NAME specphot-HD49798 OBS.OBSERVER UNKNOWN,0,0,,,/datalake/processeddata/csv-vltlogs/2020/02/log_wf2ors.2020-02-12.csv
103,LOG,2020-02-13T02:11:50.362Z,FORS2,wf2ors,wf2ors,wf2ors,bob_7551,61,seq,,,,... ESO-VLT-DIC.OBS-2.0 OBS.EXECTIME 1573 OBS.GRP 0 OBS.ID 200278603 OBS.MOON.DIST 30 OBS.MOON.FLI 1.0 OBS.NAME specphot-HD49798 OBS.OBSERVER UNKNOWN,0,0,,,/datalake/processeddata/csv-vltlogs/2020/02/log_wf2ors.2020-02-12.csv
104,LOG,2020-02-13T02:16:49.812Z,FORS2,wf2ors,wf2ors,wf2ors,bob_7551,61,seq,,,,(OBS.NAME: WR46_phase2 // OBS.ID: 2458281),0,0,,,/datalake/processeddata/csv-vltlogs/2020/02/log_wf2ors.2020-02-12.csv
105,LOG,2020-02-13T02:25:23.064Z,FORS2,wf2ors,wf2ors,wf2ors,bob_7551,61,seq,,,,... ESO-VLT-DIC.OBS-2.0 OBS.EXECTIME 3600 OBS.GRP 0 OBS.ID 2458281 OBS.MOON.DIST 30 OBS.MOON.FLI 1.0 OBS.NAME WR46_phase2 OBS.OBSERVER UNKNOWN OBS.PI-COI.ID,0,0,,,/datalake/processeddata/csv-vltlogs/2020/02/log_wf2ors.2020-02-12.csv
106,LOG,2020-02-13T02:00:39.588Z,FORS2,wf2ors,wf2ors,wf2ors,bob_7551,61,seq,,,,... ESO-VLT-DIC.OBS-2.0 OBS.EXECTIME 1573 OBS.GRP 0 OBS.ID 200278603 OBS.MOON.DIST 30 OBS.MOON.FLI 1.0 OBS.NAME specphot-HD49798 OBS.OBSERVER UNKNOWN,0,0,,,/datalake/processeddata/csv-vltlogs/2020/02/log_wf2ors.2020-02-12.csv
107,LOG,2020-02-13T02:19:42.448Z,FORS2,wf2ors,wf2ors,wf2ors,bob_7551,61,seq,,,,... ESO-VLT-DIC.OBS-2.0 OBS.EXECTIME 3600 OBS.GRP 0 OBS.ID 2458281 OBS.MOON.DIST 30 OBS.MOON.FLI 1.0 OBS.NAME WR46_phase2 OBS.OBSERVER UNKNOWN OBS.PI-COI.ID,0,0,,,/datalake/processeddata/csv-vltlogs/2020/02/log_wf2ors.2020-02-12.csv
108,LOG,2020-02-13T05:15:16.435Z,FORS2,wf2ors,wf2ors,wf2ors,bob_7551,61,seq,,,,... ESO-VLT-DIC.OBS-2.0 OBS.EXECTIME 3600 OBS.GRP 0 OBS.ID 2458298 OBS.MOON.DIST 30 OBS.MOON.FLI 1.0 OBS.NAME WR55_phase1 OBS.OBSERVER UNKNOWN OBS.PI-COI.ID,0,0,,,/datalake/processeddata/csv-vltlogs/2020/02/log_wf2ors.2020-02-12.csv
109,LOG,2020-02-13T04:11:13.047Z,FORS2,wf2ors,wf2ors,wf2ors,bob_7551,61,seq,,,,... ESO-VLT-DIC.OBS-2.0 OBS.EXECTIME 3465 OBS.GRP 0 OBS.ID 2700369 OBS.MOON.DIST 30 OBS.MOON.FLI 1.0 OBS.NAME MOV_137P_02_10-02_17_1 OBS.OBSERVER UNKNOWN,0,0,,,/datalake/processeddata/csv-vltlogs/2020/02/log_wf2ors.2020-02-12.csv
110,LOG,2020-02-13T05:21:01.769Z,FORS2,wf2ors,wf2ors,wf2ors,bob_7551,61,seq,,,,OB finished (TERMINATED) in 3588 seconds at 2020-02-13T05:21:01,0,0,,,/datalake/processeddata/csv-vltlogs/2020/02/log_wf2ors.2020-02-12.csv
111,LOG,2020-02-13T04:03:24.841Z,FORS2,wf2ors,wf2ors,wf2ors,bob_7551,61,seq,,,,... ESO-VLT-DIC.OBS-2.0 OBS.EXECTIME 3465 OBS.GRP 0 OBS.ID 2700369 OBS.MOON.DIST 30 OBS.MOON.FLI 1.0 OBS.NAME MOV_137P_02_10-02_17_1 OBS.OBSERVER UNKNOWN,0,0,,,/datalake/processeddata/csv-vltlogs/2020/02/log_wf2ors.2020-02-12.csv
112,LOG,2020-02-13T04:21:13.395Z,FORS2,wf2ors,wf2ors,wf2ors,bob_7551,61,seq,,,,(OBS.NAME: WR55_phase1 // OBS.ID: 2458298),0,0,,,/datalake/processeddata/csv-vltlogs/2020/02/log_wf2ors.2020-02-12.csv
113,LOG,2020-02-13T04:30:56.719Z,FORS2,wf2ors,wf2ors,wf2ors,bob_7551,61,seq,,,,... ESO-VLT-DIC.OBS-2.0 OBS.EXECTIME 3600 OBS.GRP 0 OBS.ID 2458298 OBS.MOON.DIST 30 OBS.MOON.FLI 1.0 OBS.NAME WR55_phase1 OBS.OBSERVER UNKNOWN OBS.PI-COI.ID,0,0,,,/datalake/processeddata/csv-vltlogs/2020/02/log_wf2ors.2020-02-12.csv
114,LOG,2020-02-13T04:38:55.419Z,FORS2,wf2ors,wf2ors,wf2ors,bob_7551,61,seq,,,,... ESO-VLT-DIC.OBS-2.0 OBS.EXECTIME 3600 OBS.GRP 0 OBS.ID 2458298 OBS.MOON.DIST 30 OBS.MOON.FLI 1.0 OBS.NAME WR55_phase1 OBS.OBSERVER UNKNOWN OBS.PI-COI.ID,0,0,,,/datalake/processeddata/csv-vltlogs/2020/02/log_wf2ors.2020-02-12.csv
115,LOG,2020-02-13T05:25:38.961Z,FORS2,wf2ors,wf2ors,wf2ors,bob_7551,61,seq,,,,SETUP  -function  OBS.DID ESO-VLT-DIC.OBS-2.0 OBS.EXECTIME 599 OBS.GRP 0 OBS.ID 200279199 OBS.NAME Photom-std OBS.OBSERVER UNKNOWN OBS.PI-COI.ID 70033,0,0,,,/datalake/processeddata/csv-vltlogs/2020/02/log_wf2ors.2020-02-12.csv
116,LOG,2020-02-13T05:25:38.996Z,FORS2,wf2ors,wf2ors,wf2ors,expExpoCoordTask,186,exp,,,,"SetupCB: Got SETUP command. Buffer = ,,OBS.DID ESO-VLT-DIC.OBS-2.0 OBS.EXECTIME 599 OBS.GRP 0 OBS.ID 200279199 OBS.NAME Photom-std OBS.OBSERVER UNKNOWN OBS.PI-COI.ID 70033",0,0,,,/datalake/processeddata/csv-vltlogs/2020/02/log_wf2ors.2020-02-12.csv
117,LOG,2020-02-12T23:44:46.200Z,FORS2,wf2ors,wf2ors,wf2ors,bob_7551,61,seq,,,,... ESO-VLT-DIC.OBS-2.0 OBS.EXECTIME 2690 OBS.GRP 0 OBS.ID 200279109 OBS.MOON.DIST 30 OBS.MOON.FLI 1.0 OBS.NAME twil-ABCD-high-UBIVRz-SR-0427 OBS.OBSERVER,0,0,,,/datalake/processeddata/csv-vltlogs/2020/02/log_wf2ors.2020-02-12.csv
118,LOG,2020-02-12T23:45:18.206Z,FORS2,wf2ors,wf2ors,wf2ors,bob_7551,61,seq,,,,... ESO-VLT-DIC.OBS-2.0 OBS.EXECTIME 2690 OBS.GRP 0 OBS.ID 200279109 OBS.MOON.DIST 30 OBS.MOON.FLI 1.0 OBS.NAME twil-ABCD-high-UBIVRz-SR-0427 OBS.OBSERVER,0,0,,,/datalake/processeddata/csv-vltlogs/2020/02/log_wf2ors.2020-02-12.csv
119,LOG,2020-02-12T23:45:50.251Z,FORS2,wf2ors,wf2ors,wf2ors,bob_7551,61,seq,,,,... ESO-VLT-DIC.OBS-2.0 OBS.EXECTIME 2690 OBS.GRP 0 OBS.ID 200279109 OBS.MOON.DIST 30 OBS.MOON.FLI 1.0 OBS.NAME twil-ABCD-high-UBIVRz-SR-0427 OBS.OBSERVER,0,0,,,/datalake/processeddata/csv-vltlogs/2020/02/log_wf2ors.2020-02-12.csv
120,LOG,2020-02-12T23:46:58.161Z,FORS2,wf2ors,wf2ors,wf2ors,bob_7551,61,seq,,,,OB paused at 2020-02-12T23:46:58,0,0,,,/datalake/processeddata/csv-vltlogs/2020/02/log_wf2ors.2020-02-12.csv
121,LOG,2020-02-13T00:43:08.658Z,FORS2,wf2ors,wf2ors,wf2ors,bob_7551,61,seq,,,,OB started at 2020-02-13T00:43:08,0,0,,,/datalake/processeddata/csv-vltlogs/2020/02/log_wf2ors.2020-02-12.csv
122,LOG,2020-02-13T00:48:43.873Z,FORS2,wf2ors,wf2ors,wf2ors,bob_7551,61,seq,,,,SETUP  -function  OBS.DID ESO-VLT-DIC.OBS-2.0 OBS.EXECTIME 599 OBS.GRP 0 OBS.ID 200279187 OBS.NAME Photom-std OBS.OBSERVER UNKNOWN OBS.PI-COI.ID 70033,0,0,,,/datalake/processeddata/csv-vltlogs/2020/02/log_wf2ors.2020-02-12.csv
123,LOG,2020-02-13T00:49:46.120Z,FORS2,wf2ors,wf2ors,wf2ors,bob_7551,61,seq,,,,SETUP  -function  OBS.DID ESO-VLT-DIC.OBS-2.0 OBS.EXECTIME 599 OBS.GRP 0 OBS.ID 200279187 OBS.NAME Photom-std OBS.OBSERVER UNKNOWN OBS.PI-COI.ID 70033,0,0,,,/datalake/processeddata/csv-vltlogs/2020/02/log_wf2ors.2020-02-12.csv
124,LOG,2020-02-13T00:50:43.494Z,FORS2,wf2ors,wf2ors,wf2ors,bob_7551,61,seq,,,,SETUP  -function  OBS.DID ESO-VLT-DIC.OBS-2.0 OBS.EXECTIME 599 OBS.GRP 0 OBS.ID 200279187 OBS.NAME Photom-std OBS.OBSERVER UNKNOWN OBS.PI-COI.ID 70033,0,0,,,/datalake/processeddata/csv-vltlogs/2020/02/log_wf2ors.2020-02-12.csv
125,LOG,2020-02-13T00:50:43.532Z,FORS2,wf2ors,wf2ors,wf2ors,expExpoCoordTask,186,exp,,,,"SetupCB: Got SETUP command. Buffer = ,,OBS.DID ESO-VLT-DIC.OBS-2.0 OBS.EXECTIME 599 OBS.GRP 0 OBS.ID 200279187 OBS.NAME Photom-std OBS.OBSERVER UNKNOWN OBS.PI-COI.ID 70033",0,0,,,/datalake/processeddata/csv-vltlogs/2020/02/log_wf2ors.2020-02-12.csv
126,LOG,2020-02-13T00:51:35.054Z,FORS2,wf2ors,wf2ors,wf2ors,bob_7551,61,seq,,,,SETUP  -function  OBS.DID ESO-VLT-DIC.OBS-2.0 OBS.EXECTIME 599 OBS.GRP 0 OBS.ID 200279187 OBS.NAME Photom-std OBS.OBSERVER UNKNOWN OBS.PI-COI.ID 70033,0,0,,,/datalake/processeddata/csv-vltlogs/2020/02/log_wf2ors.2020-02-12.csv
127,LOG,2020-02-13T00:52:01.635Z,FORS2,wf2ors,wf2ors,wf2ors,bob_7551,61,seq,,,,OB finished (TERMINATED) in 533 seconds at 2020-02-13T00:52:01,0,0,,,/datalake/processeddata/csv-vltlogs/2020/02/log_wf2ors.2020-02-12.csv
128,LOG,2020-02-13T01:07:24.278Z,FORS2,wf2ors,wf2ors,wf2ors,bob_7551,61,seq,,,,SETUP  -function  OBS.DID ESO-VLT-DIC.OBS-2.0 OBS.EXECTIME 599 OBS.GRP 0 OBS.ID 200279190 OBS.NAME Photom-std OBS.OBSERVER UNKNOWN OBS.PI-COI.ID 70033,0,0,,,/datalake/processeddata/csv-vltlogs/2020/02/log_wf2ors.2020-02-12.csv
129,LOG,2020-02-13T01:08:25.626Z,FORS2,wf2ors,wf2ors,wf2ors,bob_7551,61,seq,,,,SETUP  -function  OBS.DID ESO-VLT-DIC.OBS-2.0 OBS.EXECTIME 599 OBS.GRP 0 OBS.ID 200279190 OBS.NAME Photom-std OBS.OBSERVER UNKNOWN OBS.PI-COI.ID 70033,0,0,,,/datalake/processeddata/csv-vltlogs/2020/02/log_wf2ors.2020-02-12.csv
130,LOG,2020-02-13T01:10:13.094Z,FORS2,wf2ors,wf2ors,wf2ors,bob_7551,61,seq,,,,SETUP  -function  OBS.DID ESO-VLT-DIC.OBS-2.0 OBS.EXECTIME 599 OBS.GRP 0 OBS.ID 200279190 OBS.NAME Photom-std OBS.OBSERVER UNKNOWN OBS.PI-COI.ID 70033,0,0,,,/datalake/processeddata/csv-vltlogs/2020/02/log_wf2ors.2020-02-12.csv
131,LOG,2020-02-13T01:10:39.632Z,FORS2,wf2ors,wf2ors,wf2ors,bob_7551,61,seq,,,,OB finished (TERMINATED) in 437 seconds at 2020-02-13T01:10:39,0,0,,,/datalake/processeddata/csv-vltlogs/2020/02/log_wf2ors.2020-02-12.csv
132,LOG,2020-02-13T01:14:47.957Z,FORS2,wf2ors,wf2ors,wf2ors,bob_7551,61,seq,,,,... ESO-VLT-DIC.OBS-2.0 OBS.EXECTIME 808 OBS.GRP 0 OBS.ID 2174600 OBS.MOON.DIST 30 OBS.MOON.FLI 1.0 OBS.NAME IMG-SA95 OBS.OBSERVER UNKNOWN OBS.PI-COI.ID,0,0,,,/datalake/processeddata/csv-vltlogs/2020/02/log_wf2ors.2020-02-12.csv
133,LOG,2020-02-13T01:15:29.959Z,FORS2,wf2ors,wf2ors,wf2ors,bob_7551,61,seq,,,,... ESO-VLT-DIC.OBS-2.0 OBS.EXECTIME 808 OBS.GRP 0 OBS.ID 2174600 OBS.MOON.DIST 30 OBS.MOON.FLI 1.0 OBS.NAME IMG-SA95 OBS.OBSERVER UNKNOWN OBS.PI-COI.ID,0,0,,,/datalake/processeddata/csv-vltlogs/2020/02/log_wf2ors.2020-02-12.csv
134,LOG,2020-02-13T00:38:44.412Z,FORS2,wf2ors,wf2ors,wf2ors,bob_7551,61,seq,,,,... ESO-VLT-DIC.OBS-2.0 OBS.EXECTIME 588 OBS.GRP 0 OBS.ID 200169261 OBS.MOON.DIST 30 OBS.MOON.FLI 1.0 OBS.NAME FORS2_realign-night OBS.OBSERVER UNKNOWN,0,0,,,/datalake/processeddata/csv-vltlogs/2020/02/log_wf2ors.2020-02-12.csv
135,LOG,2020-02-13T00:43:08.658Z,FORS2,wf2ors,wf2ors,wf2ors,bob_7551,61,seq,,,,(OBS.NAME: Photom-std // OBS.ID: 200279187),0,0,,,/datalake/processeddata/csv-vltlogs/2020/02/log_wf2ors.2020-02-12.csv
136,LOG,2020-02-13T00:48:43.911Z,FORS2,wf2ors,wf2ors,wf2ors,expExpoCoordTask,186,exp,,,,"SetupCB: Got SETUP command. Buffer = ,,OBS.DID ESO-VLT-DIC.OBS-2.0 OBS.EXECTIME 599 OBS.GRP 0 OBS.ID 200279187 OBS.NAME Photom-std OBS.OBSERVER UNKNOWN OBS.PI-COI.ID 70033",0,0,,,/datalake/processeddata/csv-vltlogs/2020/02/log_wf2ors.2020-02-12.csv
137,LOG,2020-02-13T00:49:46.158Z,FORS2,wf2ors,wf2ors,wf2ors,expExpoCoordTask,186,exp,,,,"SetupCB: Got SETUP command. Buffer = ,,OBS.DID ESO-VLT-DIC.OBS-2.0 OBS.EXECTIME 599 OBS.GRP 0 OBS.ID 200279187 OBS.NAME Photom-std OBS.OBSERVER UNKNOWN OBS.PI-COI.ID 70033",0,0,,,/datalake/processeddata/csv-vltlogs/2020/02/log_wf2ors.2020-02-12.csv
138,LOG,2020-02-13T00:51:35.090Z,FORS2,wf2ors,wf2ors,wf2ors,expExpoCoordTask,186,exp,,,,"SetupCB: Got SETUP command. Buffer = ,,OBS.DID ESO-VLT-DIC.OBS-2.0 OBS.EXECTIME 599 OBS.GRP 0 OBS.ID 200279187 OBS.NAME Photom-std OBS.OBSERVER UNKNOWN OBS.PI-COI.ID 70033",0,0,,,/datalake/processeddata/csv-vltlogs/2020/02/log_wf2ors.2020-02-12.csv
139,LOG,2020-02-13T01:03:22.824Z,FORS2,wf2ors,wf2ors,wf2ors,bob_7551,61,seq,,,,(OBS.NAME: Photom-std // OBS.ID: 200279190),0,0,,,/datalake/processeddata/csv-vltlogs/2020/02/log_wf2ors.2020-02-12.csv
140,LOG,2020-02-13T01:07:24.315Z,FORS2,wf2ors,wf2ors,wf2ors,expExpoCoordTask,186,exp,,,,"SetupCB: Got SETUP command. Buffer = ,,OBS.DID ESO-VLT-DIC.OBS-2.0 OBS.EXECTIME 599 OBS.GRP 0 OBS.ID 200279190 OBS.NAME Photom-std OBS.OBSERVER UNKNOWN OBS.PI-COI.ID 70033",0,0,,,/datalake/processeddata/csv-vltlogs/2020/02/log_wf2ors.2020-02-12.csv
141,LOG,2020-02-13T01:09:21.808Z,FORS2,wf2ors,wf2ors,wf2ors,expExpoCoordTask,186,exp,,,,"SetupCB: Got SETUP command. Buffer = ,,OBS.DID ESO-VLT-DIC.OBS-2.0 OBS.EXECTIME 599 OBS.GRP 0 OBS.ID 200279190 OBS.NAME Photom-std OBS.OBSERVER UNKNOWN OBS.PI-COI.ID 70033",0,0,,,/datalake/processeddata/csv-vltlogs/2020/02/log_wf2ors.2020-02-12.csv
142,LOG,2020-02-13T01:14:06.246Z,FORS2,wf2ors,wf2ors,wf2ors,bob_7551,61,seq,,,,... ESO-VLT-DIC.OBS-2.0 OBS.EXECTIME 808 OBS.GRP 0 OBS.ID 2174600 OBS.MOON.DIST 30 OBS.MOON.FLI 1.0 OBS.NAME IMG-SA95 OBS.OBSERVER UNKNOWN OBS.PI-COI.ID,0,0,,,/datalake/processeddata/csv-vltlogs/2020/02/log_wf2ors.2020-02-12.csv
143,LOG,2020-02-13T01:16:12.714Z,FORS2,wf2ors,wf2ors,wf2ors,bob_7551,61,seq,,,,... ESO-VLT-DIC.OBS-2.0 OBS.EXECTIME 808 OBS.GRP 0 OBS.ID 2174600 OBS.MOON.DIST 30 OBS.MOON.FLI 1.0 OBS.NAME IMG-SA95 OBS.OBSERVER UNKNOWN OBS.PI-COI.ID,0,0,,,/datalake/processeddata/csv-vltlogs/2020/02/log_wf2ors.2020-02-12.csv
144,LOG,2020-02-13T01:10:54.263Z,FORS2,wf2ors,wf2ors,wf2ors,bob_7551,61,seq,,,,(OBS.NAME: IMG-SA95 // OBS.ID: 2174600),0,0,,,/datalake/processeddata/csv-vltlogs/2020/02/log_wf2ors.2020-02-12.csv
145,LOG,2020-02-13T01:16:54.722Z,FORS2,wf2ors,wf2ors,wf2ors,bob_7551,61,seq,,,,... ESO-VLT-DIC.OBS-2.0 OBS.EXECTIME 808 OBS.GRP 0 OBS.ID 2174600 OBS.MOON.DIST 30 OBS.MOON.FLI 1.0 OBS.NAME IMG-SA95 OBS.OBSERVER UNKNOWN OBS.PI-COI.ID,0,0,,,/datalake/processeddata/csv-vltlogs/2020/02/log_wf2ors.2020-02-12.csv
146,LOG,2020-02-12T23:40:57.867Z,FORS2,wf2ors,wf2ors,wf2ors,bob_7551,61,seq,,,,OB started at 2020-02-12T23:40:57,0,0,,,/datalake/processeddata/csv-vltlogs/2020/02/log_wf2ors.2020-02-12.csv
147,LOG,2020-02-12T23:43:46.575Z,FORS2,wf2ors,wf2ors,wf2ors,bob_7551,61,seq,,,,... ESO-VLT-DIC.OBS-2.0 OBS.EXECTIME 2690 OBS.GRP 0 OBS.ID 200279109 OBS.MOON.DIST 30 OBS.MOON.FLI 1.0 OBS.NAME twil-ABCD-high-UBIVRz-SR-0427 OBS.OBSERVER,0,0,,,/datalake/processeddata/csv-vltlogs/2020/02/log_wf2ors.2020-02-12.csv
148,LOG,2020-02-12T23:47:39.501Z,FORS2,wf2ors,wf2ors,wf2ors,bob_7551,61,seq,,,,OB continued at 2020-02-12T23:47:39,0,0,,,/datalake/processeddata/csv-vltlogs/2020/02/log_wf2ors.2020-02-12.csv
149,LOG,2020-02-12T23:47:48.827Z,FORS2,wf2ors,wf2ors,wf2ors,bob_7551,61,seq,,,,... ESO-VLT-DIC.OBS-2.0 OBS.EXECTIME 2690 OBS.GRP 0 OBS.ID 200279109 OBS.MOON.DIST 30 OBS.MOON.FLI 1.0 OBS.NAME twil-ABCD-high-UBIVRz-SR-0427 OBS.OBSERVER,0,0,,,/datalake/processeddata/csv-vltlogs/2020/02/log_wf2ors.2020-02-12.csv
150,LOG,2020-02-12T23:49:35.001Z,FORS2,wf2ors,wf2ors,wf2ors,bob_7551,61,seq,,,,... ESO-VLT-DIC.OBS-2.0 OBS.EXECTIME 2690 OBS.GRP 0 OBS.ID 200279109 OBS.MOON.DIST 30 OBS.MOON.FLI 1.0 OBS.NAME twil-ABCD-high-UBIVRz-SR-0427 OBS.OBSERVER,0,0,,,/datalake/processeddata/csv-vltlogs/2020/02/log_wf2ors.2020-02-12.csv
151,LOG,2020-02-12T23:50:54.804Z,FORS2,wf2ors,wf2ors,wf2ors,bob_7551,61,seq,,,,... ESO-VLT-DIC.OBS-2.0 OBS.EXECTIME 2690 OBS.GRP 0 OBS.ID 200279109 OBS.MOON.DIST 30 OBS.MOON.FLI 1.0 OBS.NAME twil-ABCD-high-UBIVRz-SR-0427 OBS.OBSERVER,0,0,,,/datalake/processeddata/csv-vltlogs/2020/02/log_wf2ors.2020-02-12.csv
152,LOG,2020-02-12T23:52:17.807Z,FORS2,wf2ors,wf2ors,wf2ors,bob_7551,61,seq,,,,... ESO-VLT-DIC.OBS-2.0 OBS.EXECTIME 2690 OBS.GRP 0 OBS.ID 200279109 OBS.MOON.DIST 30 OBS.MOON.FLI 1.0 OBS.NAME twil-ABCD-high-UBIVRz-SR-0427 OBS.OBSERVER,0,0,,,/datalake/processeddata/csv-vltlogs/2020/02/log_wf2ors.2020-02-12.csv
153,LOG,2020-02-12T23:52:45.060Z,FORS2,wf2ors,wf2ors,wf2ors,bob_7551,61,seq,,,,... ESO-VLT-DIC.OBS-2.0 OBS.EXECTIME 2690 OBS.GRP 0 OBS.ID 200279109 OBS.MOON.DIST 30 OBS.MOON.FLI 1.0 OBS.NAME twil-ABCD-high-UBIVRz-SR-0427 OBS.OBSERVER,0,0,,,/datalake/processeddata/csv-vltlogs/2020/02/log_wf2ors.2020-02-12.csv
154,LOG,2020-02-13T02:12:43.685Z,FORS2,wf2ors,wf2ors,wf2ors,bob_7551,61,seq,,,,... ESO-VLT-DIC.OBS-2.0 OBS.EXECTIME 1573 OBS.GRP 0 OBS.ID 200278603 OBS.MOON.DIST 30 OBS.MOON.FLI 1.0 OBS.NAME specphot-HD49798 OBS.OBSERVER UNKNOWN,0,0,,,/datalake/processeddata/csv-vltlogs/2020/02/log_wf2ors.2020-02-12.csv
155,LOG,2020-02-13T02:18:44.275Z,FORS2,wf2ors,wf2ors,wf2ors,bob_7551,61,seq,,,,... ESO-VLT-DIC.OBS-2.0 OBS.EXECTIME 3600 OBS.GRP 0 OBS.ID 2458281 OBS.MOON.DIST 30 OBS.MOON.FLI 1.0 OBS.NAME WR46_phase2 OBS.OBSERVER UNKNOWN OBS.PI-COI.ID,0,0,,,/datalake/processeddata/csv-vltlogs/2020/02/log_wf2ors.2020-02-12.csv
156,LOG,2020-02-13T02:23:50.506Z,FORS2,wf2ors,wf2ors,wf2ors,bob_7551,61,seq,,,,... ESO-VLT-DIC.OBS-2.0 OBS.EXECTIME 3600 OBS.GRP 0 OBS.ID 2458281 OBS.MOON.DIST 30 OBS.MOON.FLI 1.0 OBS.NAME WR46_phase2 OBS.OBSERVER UNKNOWN OBS.PI-COI.ID,0,0,,,/datalake/processeddata/csv-vltlogs/2020/02/log_wf2ors.2020-02-12.csv
157,LOG,2020-02-13T00:00:52.805Z,FORS2,wf2ors,wf2ors,wf2ors,bob_7551,61,seq,,,,... ESO-VLT-DIC.OBS-2.0 OBS.EXECTIME 2690 OBS.GRP 0 OBS.ID 200279109 OBS.MOON.DIST 30 OBS.MOON.FLI 1.0 OBS.NAME twil-ABCD-high-UBIVRz-SR-0427 OBS.OBSERVER,0,0,,,/datalake/processeddata/csv-vltlogs/2020/02/log_wf2ors.2020-02-12.csv
158,LOG,2020-02-13T00:12:27.007Z,FORS2,wf2ors,wf2ors,wf2ors,bob_7551,61,seq,,,,... ESO-VLT-DIC.OBS-2.0 OBS.EXECTIME 2690 OBS.GRP 0 OBS.ID 200279109 OBS.MOON.DIST 30 OBS.MOON.FLI 1.0 OBS.NAME twil-ABCD-high-UBIVRz-SR-0427 OBS.OBSERVER,0,0,,,/datalake/processeddata/csv-vltlogs/2020/02/log_wf2ors.2020-02-12.csv
159,LOG,2020-02-13T00:15:30.376Z,FORS2,wf2ors,wf2ors,wf2ors,bob_7551,61,seq,,,,ACK ABORT (red),0,0,,,/datalake/processeddata/csv-vltlogs/2020/02/log_wf2ors.2020-02-12.csv
160,LOG,2020-02-13T00:16:25.140Z,FORS2,wf2ors,wf2ors,wf2ors,bob_7551,61,seq,,,,OB started at 2020-02-13T00:16:25,0,0,,,/datalake/processeddata/csv-vltlogs/2020/02/log_wf2ors.2020-02-12.csv
161,LOG,2020-02-13T00:16:25.141Z,FORS2,wf2ors,wf2ors,wf2ors,bob_7551,61,seq,,,,(OBS.NAME: FORS2_realign-night // OBS.ID: 200169261),0,0,,,/datalake/processeddata/csv-vltlogs/2020/02/log_wf2ors.2020-02-12.csv
162,LOG,2020-02-13T00:29:50.172Z,FORS2,wf2ors,wf2ors,wf2ors,bob_7551,61,seq,,,,OB continued at 2020-02-13T00:29:50,0,0,,,/datalake/processeddata/csv-vltlogs/2020/02/log_wf2ors.2020-02-12.csv
163,LOG,2020-02-13T01:33:30.482Z,FORS2,wf2ors,wf2ors,wf2ors,bob_7551,61,seq,,,,... ESO-VLT-DIC.OBS-2.0 OBS.EXECTIME 1359 OBS.GRP 0 OBS.ID 2174603 OBS.MOON.DIST 30 OBS.MOON.FLI 1.0 OBS.NAME LSS-LB227 OBS.OBSERVER UNKNOWN OBS.PI-COI.ID,0,0,,,/datalake/processeddata/csv-vltlogs/2020/02/log_wf2ors.2020-02-12.csv
164,LOG,2020-02-13T01:40:33.661Z,FORS2,wf2ors,wf2ors,wf2ors,bob_7551,61,seq,,,,OB started at 2020-02-13T01:40:33,0,0,,,/datalake/processeddata/csv-vltlogs/2020/02/log_wf2ors.2020-02-12.csv
165,LOG,2020-02-13T01:40:33.661Z,FORS2,wf2ors,wf2ors,wf2ors,bob_7551,61,seq,,,,(OBS.NAME: IMG-SA95_HR // OBS.ID: 2174665),0,0,,,/datalake/processeddata/csv-vltlogs/2020/02/log_wf2ors.2020-02-12.csv
166,LOG,2020-02-13T01:54:51.109Z,FORS2,wf2ors,wf2ors,wf2ors,bob_7551,61,seq,,,,... ESO-VLT-DIC.OBS-2.0 OBS.EXECTIME 1573 OBS.GRP 0 OBS.ID 200278603 OBS.MOON.DIST 30 OBS.MOON.FLI 1.0 OBS.NAME specphot-HD49798 OBS.OBSERVER UNKNOWN,0,0,,,/datalake/processeddata/csv-vltlogs/2020/02/log_wf2ors.2020-02-12.csv
167,LOG,2020-02-13T08:42:02.554Z,FORS2,wf2ors,wf2ors,wf2ors,bob_23246,226,seq,,,,... ESO-VLT-DIC.OBS-2.0 OBS.EXECTIME 1541 OBS.GRP 0 OBS.ID 200278041 OBS.MOON.DIST 30 OBS.MOON.FLI 1.0 OBS.NAME Zero_PMOS_WD1615-154 OBS.OBSERVER UNKNOWN,0,0,,,/datalake/processeddata/csv-vltlogs/2020/02/log_wf2ors.2020-02-12.csv
168,LOG,2020-02-13T08:44:02.754Z,FORS2,wf2ors,wf2ors,wf2ors,bob_23246,226,seq,,,,... ESO-VLT-DIC.OBS-2.0 OBS.EXECTIME 1541 OBS.GRP 0 OBS.ID 200278041 OBS.MOON.DIST 30 OBS.MOON.FLI 1.0 OBS.NAME Zero_PMOS_WD1615-154 OBS.OBSERVER UNKNOWN,0,0,,,/datalake/processeddata/csv-vltlogs/2020/02/log_wf2ors.2020-02-12.csv
169,LOG,2020-02-13T01:28:00.542Z,FORS2,wf2ors,wf2ors,wf2ors,bob_7551,61,seq,,,,... ESO-VLT-DIC.OBS-2.0 OBS.EXECTIME 1359 OBS.GRP 0 OBS.ID 2174603 OBS.MOON.DIST 30 OBS.MOON.FLI 1.0 OBS.NAME LSS-LB227 OBS.OBSERVER UNKNOWN OBS.PI-COI.ID,0,0,,,/datalake/processeddata/csv-vltlogs/2020/02/log_wf2ors.2020-02-12.csv
170,LOG,2020-02-13T08:39:27.165Z,FORS2,wf2ors,wf2ors,wf2ors,bob_23246,226,seq,,,,... ESO-VLT-DIC.OBS-2.0 OBS.EXECTIME 1541 OBS.GRP 0 OBS.ID 200278041 OBS.MOON.DIST 30 OBS.MOON.FLI 1.0 OBS.NAME Zero_PMOS_WD1615-154 OBS.OBSERVER UNKNOWN,0,0,,,/datalake/processeddata/csv-vltlogs/2020/02/log_wf2ors.2020-02-12.csv
171,LOG,2020-02-13T01:22:52.953Z,FORS2,wf2ors,wf2ors,wf2ors,bob_7551,61,seq,,,,OB started at 2020-02-13T01:22:52,0,0,,,/datalake/processeddata/csv-vltlogs/2020/02/log_wf2ors.2020-02-12.csv
172,LOG,2020-02-13T01:26:45.038Z,FORS2,wf2ors,wf2ors,wf2ors,bob_7551,61,seq,,,,... ESO-VLT-DIC.OBS-2.0 OBS.EXECTIME 1359 OBS.GRP 0 OBS.ID 2174603 OBS.MOON.DIST 30 OBS.MOON.FLI 1.0 OBS.NAME LSS-LB227 OBS.OBSERVER UNKNOWN OBS.PI-COI.ID,0,0,,,/datalake/processeddata/csv-vltlogs/2020/02/log_wf2ors.2020-02-12.csv
173,LOG,2020-02-13T01:29:17.529Z,FORS2,wf2ors,wf2ors,wf2ors,bob_7551,61,seq,,,,... ESO-VLT-DIC.OBS-2.0 OBS.EXECTIME 1359 OBS.GRP 0 OBS.ID 2174603 OBS.MOON.DIST 30 OBS.MOON.FLI 1.0 OBS.NAME LSS-LB227 OBS.OBSERVER UNKNOWN OBS.PI-COI.ID,0,0,,,/datalake/processeddata/csv-vltlogs/2020/02/log_wf2ors.2020-02-12.csv
174,LOG,2020-02-13T05:03:09.450Z,FORS2,wf2ors,wf2ors,wf2ors,bob_7551,61,seq,,,,... ESO-VLT-DIC.OBS-2.0 OBS.EXECTIME 3600 OBS.GRP 0 OBS.ID 2458298 OBS.MOON.DIST 30 OBS.MOON.FLI 1.0 OBS.NAME WR55_phase1 OBS.OBSERVER UNKNOWN OBS.PI-COI.ID,0,0,,,/datalake/processeddata/csv-vltlogs/2020/02/log_wf2ors.2020-02-12.csv
175,LOG,2020-02-13T05:21:15.179Z,FORS2,wf2ors,wf2ors,wf2ors,bob_7551,61,seq,,,,OB started at 2020-02-13T05:21:15,0,0,,,/datalake/processeddata/csv-vltlogs/2020/02/log_wf2ors.2020-02-12.csv
176,LOG,2020-02-13T04:07:18.274Z,FORS2,wf2ors,wf2ors,wf2ors,bob_7551,61,seq,,,,... ESO-VLT-DIC.OBS-2.0 OBS.EXECTIME 3465 OBS.GRP 0 OBS.ID 2700369 OBS.MOON.DIST 30 OBS.MOON.FLI 1.0 OBS.NAME MOV_137P_02_10-02_17_1 OBS.OBSERVER UNKNOWN,0,0,,,/datalake/processeddata/csv-vltlogs/2020/02/log_wf2ors.2020-02-12.csv
177,LOG,2020-02-13T04:09:15.824Z,FORS2,wf2ors,wf2ors,wf2ors,bob_7551,61,seq,,,,... ESO-VLT-DIC.OBS-2.0 OBS.EXECTIME 3465 OBS.GRP 0 OBS.ID 2700369 OBS.MOON.DIST 30 OBS.MOON.FLI 1.0 OBS.NAME MOV_137P_02_10-02_17_1 OBS.OBSERVER UNKNOWN,0,0,,,/datalake/processeddata/csv-vltlogs/2020/02/log_wf2ors.2020-02-12.csv
178,LOG,2020-02-13T04:13:10.858Z,FORS2,wf2ors,wf2ors,wf2ors,bob_7551,61,seq,,,,... ESO-VLT-DIC.OBS-2.0 OBS.EXECTIME 3465 OBS.GRP 0 OBS.ID 2700369 OBS.MOON.DIST 30 OBS.MOON.FLI 1.0 OBS.NAME MOV_137P_02_10-02_17_1 OBS.OBSERVER UNKNOWN,0,0,,,/datalake/processeddata/csv-vltlogs/2020/02/log_wf2ors.2020-02-12.csv
179,LOG,2020-02-13T04:19:07.085Z,FORS2,wf2ors,wf2ors,wf2ors,bob_7551,61,seq,,,,... ESO-VLT-DIC.OBS-2.0 OBS.EXECTIME 3465 OBS.GRP 0 OBS.ID 2700369 OBS.MOON.DIST 30 OBS.MOON.FLI 1.0 OBS.NAME MOV_137P_02_10-02_17_1 OBS.OBSERVER UNKNOWN,0,0,,,/datalake/processeddata/csv-vltlogs/2020/02/log_wf2ors.2020-02-12.csv
180,LOG,2020-02-13T04:21:13.395Z,FORS2,wf2ors,wf2ors,wf2ors,bob_7551,61,seq,,,,OB started at 2020-02-13T04:21:13,0,0,,,/datalake/processeddata/csv-vltlogs/2020/02/log_wf2ors.2020-02-12.csv
181,LOG,2020-02-13T04:30:02.603Z,FORS2,wf2ors,wf2ors,wf2ors,bob_7551,61,seq,,,,... ESO-VLT-DIC.OBS-2.0 OBS.EXECTIME 3600 OBS.GRP 0 OBS.ID 2458298 OBS.MOON.DIST 30 OBS.MOON.FLI 1.0 OBS.NAME WR55_phase1 OBS.OBSERVER UNKNOWN OBS.PI-COI.ID,0,0,,,/datalake/processeddata/csv-vltlogs/2020/02/log_wf2ors.2020-02-12.csv
182,LOG,2020-02-13T04:32:37.008Z,FORS2,wf2ors,wf2ors,wf2ors,bob_7551,61,seq,,,,... ESO-VLT-DIC.OBS-2.0 OBS.EXECTIME 3600 OBS.GRP 0 OBS.ID 2458298 OBS.MOON.DIST 30 OBS.MOON.FLI 1.0 OBS.NAME WR55_phase1 OBS.OBSERVER UNKNOWN OBS.PI-COI.ID,0,0,,,/datalake/processeddata/csv-vltlogs/2020/02/log_wf2ors.2020-02-12.csv
183,LOG,2020-02-13T04:56:50.012Z,FORS2,wf2ors,wf2ors,wf2ors,bob_7551,61,seq,,,,... ESO-VLT-DIC.OBS-2.0 OBS.EXECTIME 3600 OBS.GRP 0 OBS.ID 2458298 OBS.MOON.DIST 30 OBS.MOON.FLI 1.0 OBS.NAME WR55_phase1 OBS.OBSERVER UNKNOWN OBS.PI-COI.ID,0,0,,,/datalake/processeddata/csv-vltlogs/2020/02/log_wf2ors.2020-02-12.csv
184,LOG,2020-02-13T05:08:57.023Z,FORS2,wf2ors,wf2ors,wf2ors,bob_7551,61,seq,,,,... ESO-VLT-DIC.OBS-2.0 OBS.EXECTIME 3600 OBS.GRP 0 OBS.ID 2458298 OBS.MOON.DIST 30 OBS.MOON.FLI 1.0 OBS.NAME WR55_phase1 OBS.OBSERVER UNKNOWN OBS.PI-COI.ID,0,0,,,/datalake/processeddata/csv-vltlogs/2020/02/log_wf2ors.2020-02-12.csv
185,LOG,2020-02-13T02:05:33.154Z,FORS2,wf2ors,wf2ors,wf2ors,bob_7551,61,seq,,,,... ESO-VLT-DIC.OBS-2.0 OBS.EXECTIME 1573 OBS.GRP 0 OBS.ID 200278603 OBS.MOON.DIST 30 OBS.MOON.FLI 1.0 OBS.NAME specphot-HD49798 OBS.OBSERVER UNKNOWN,0,0,,,/datalake/processeddata/csv-vltlogs/2020/02/log_wf2ors.2020-02-12.csv
186,LOG,2020-02-13T02:26:15.836Z,FORS2,wf2ors,wf2ors,wf2ors,bob_7551,61,seq,,,,... ESO-VLT-DIC.OBS-2.0 OBS.EXECTIME 3600 OBS.GRP 0 OBS.ID 2458281 OBS.MOON.DIST 30 OBS.MOON.FLI 1.0 OBS.NAME WR46_phase2 OBS.OBSERVER UNKNOWN OBS.PI-COI.ID,0,0,,,/datalake/processeddata/csv-vltlogs/2020/02/log_wf2ors.2020-02-12.csv
187,LOG,2020-02-13T01:59:44.785Z,FORS2,wf2ors,wf2ors,wf2ors,bob_7551,61,seq,,,,... ESO-VLT-DIC.OBS-2.0 OBS.EXECTIME 1573 OBS.GRP 0 OBS.ID 200278603 OBS.MOON.DIST 30 OBS.MOON.FLI 1.0 OBS.NAME specphot-HD49798 OBS.OBSERVER UNKNOWN,0,0,,,/datalake/processeddata/csv-vltlogs/2020/02/log_wf2ors.2020-02-12.csv
188,LOG,2020-02-13T02:08:06.620Z,FORS2,wf2ors,wf2ors,wf2ors,bob_7551,61,seq,,,,... ESO-VLT-DIC.OBS-2.0 OBS.EXECTIME 1573 OBS.GRP 0 OBS.ID 200278603 OBS.MOON.DIST 30 OBS.MOON.FLI 1.0 OBS.NAME specphot-HD49798 OBS.OBSERVER UNKNOWN,0,0,,,/datalake/processeddata/csv-vltlogs/2020/02/log_wf2ors.2020-02-12.csv
189,LOG,2020-02-13T02:09:05.353Z,FORS2,wf2ors,wf2ors,wf2ors,bob_7551,61,seq,,,,... ESO-VLT-DIC.OBS-2.0 OBS.EXECTIME 1573 OBS.GRP 0 OBS.ID 200278603 OBS.MOON.DIST 30 OBS.MOON.FLI 1.0 OBS.NAME specphot-HD49798 OBS.OBSERVER UNKNOWN,0,0,,,/datalake/processeddata/csv-vltlogs/2020/02/log_wf2ors.2020-02-12.csv
190,LOG,2020-02-13T02:14:04.348Z,FORS2,wf2ors,wf2ors,wf2ors,bob_7551,61,seq,,,,OB started at 2020-02-13T02:14:04,0,0,,,/datalake/processeddata/csv-vltlogs/2020/02/log_wf2ors.2020-02-12.csv
191,LOG,2020-02-13T02:16:06.828Z,FORS2,wf2ors,wf2ors,wf2ors,bob_7551,61,seq,,,,OB aborted after 107 seconds at 2020-02-13T02:15:51,0,0,,,/datalake/processeddata/csv-vltlogs/2020/02/log_wf2ors.2020-02-12.csv
192,LOG,2020-02-13T02:16:49.812Z,FORS2,wf2ors,wf2ors,wf2ors,bob_7551,61,seq,,,,OB started at 2020-02-13T02:16:49,0,0,,,/datalake/processeddata/csv-vltlogs/2020/02/log_wf2ors.2020-02-12.csv
193,LOG,2020-02-13T02:21:08.224Z,FORS2,wf2ors,wf2ors,wf2ors,bob_7551,61,seq,,,,... ESO-VLT-DIC.OBS-2.0 OBS.EXECTIME 3600 OBS.GRP 0 OBS.ID 2458281 OBS.MOON.DIST 30 OBS.MOON.FLI 1.0 OBS.NAME WR46_phase2 OBS.OBSERVER UNKNOWN OBS.PI-COI.ID,0,0,,,/datalake/processeddata/csv-vltlogs/2020/02/log_wf2ors.2020-02-12.csv
194,LOG,2020-02-12T23:55:59.896Z,FORS2,wf2ors,wf2ors,wf2ors,bob_7551,61,seq,,,,... ESO-VLT-DIC.OBS-2.0 OBS.EXECTIME 2690 OBS.GRP 0 OBS.ID 200279109 OBS.MOON.DIST 30 OBS.MOON.FLI 1.0 OBS.NAME twil-ABCD-high-UBIVRz-SR-0427 OBS.OBSERVER,0,0,,,/datalake/processeddata/csv-vltlogs/2020/02/log_wf2ors.2020-02-12.csv
195,LOG,2020-02-12T23:59:19.900Z,FORS2,wf2ors,wf2ors,wf2ors,bob_7551,61,seq,,,,... ESO-VLT-DIC.OBS-2.0 OBS.EXECTIME 2690 OBS.GRP 0 OBS.ID 200279109 OBS.MOON.DIST 30 OBS.MOON.FLI 1.0 OBS.NAME twil-ABCD-high-UBIVRz-SR-0427 OBS.OBSERVER,0,0,,,/datalake/processeddata/csv-vltlogs/2020/02/log_wf2ors.2020-02-12.csv
196,LOG,2020-02-13T00:05:31.196Z,FORS2,wf2ors,wf2ors,wf2ors,bob_7551,61,seq,,,,... ESO-VLT-DIC.OBS-2.0 OBS.EXECTIME 2690 OBS.GRP 0 OBS.ID 200279109 OBS.MOON.DIST 30 OBS.MOON.FLI 1.0 OBS.NAME twil-ABCD-high-UBIVRz-SR-0427 OBS.OBSERVER,0,0,,,/datalake/processeddata/csv-vltlogs/2020/02/log_wf2ors.2020-02-12.csv
197,LOG,2020-02-13T00:06:37.207Z,FORS2,wf2ors,wf2ors,wf2ors,bob_7551,61,seq,,,,... ESO-VLT-DIC.OBS-2.0 OBS.EXECTIME 2690 OBS.GRP 0 OBS.ID 200279109 OBS.MOON.DIST 30 OBS.MOON.FLI 1.0 OBS.NAME twil-ABCD-high-UBIVRz-SR-0427 OBS.OBSERVER,0,0,,,/datalake/processeddata/csv-vltlogs/2020/02/log_wf2ors.2020-02-12.csv
198,LOG,2020-02-13T00:09:24.908Z,FORS2,wf2ors,wf2ors,wf2ors,bob_7551,61,seq,,,,... ESO-VLT-DIC.OBS-2.0 OBS.EXECTIME 2690 OBS.GRP 0 OBS.ID 200279109 OBS.MOON.DIST 30 OBS.MOON.FLI 1.0 OBS.NAME twil-ABCD-high-UBIVRz-SR-0427 OBS.OBSERVER,0,0,,,/datalake/processeddata/csv-vltlogs/2020/02/log_wf2ors.2020-02-12.csv
199,LOG,2020-02-13T00:15:30.480Z,FORS2,wf2ors,wf2ors,wf2ors,bob_7551,61,seq,,,,OB aborted after 2073 seconds at 2020-02-13T00:15:30,0,0,,,/datalake/processeddata/csv-vltlogs/2020/02/log_wf2ors.2020-02-12.csv
200,LOG,2020-02-13T00:28:03.589Z,FORS2,wf2ors,wf2ors,wf2ors,bob_7551,61,seq,,,,... ESO-VLT-DIC.OBS-2.0 OBS.EXECTIME 588 OBS.GRP 0 OBS.ID 200169261 OBS.MOON.DIST 30 OBS.MOON.FLI 1.0 OBS.NAME FORS2_realign-night OBS.OBSERVER UNKNOWN,0,0,,,/datalake/processeddata/csv-vltlogs/2020/02/log_wf2ors.2020-02-12.csv
201,LOG,2020-02-13T02:39:48.012Z,FORS2,wf2ors,wf2ors,wf2ors,bob_7551,61,seq,,,,... ESO-VLT-DIC.OBS-2.0 OBS.EXECTIME 3600 OBS.GRP 0 OBS.ID 2458281 OBS.MOON.DIST 30 OBS.MOON.FLI 1.0 OBS.NAME WR46_phase2 OBS.OBSERVER UNKNOWN OBS.PI-COI.ID,0,0,,,/datalake/processeddata/csv-vltlogs/2020/02/log_wf2ors.2020-02-12.csv
202,LOG,2020-02-13T02:51:54.076Z,FORS2,wf2ors,wf2ors,wf2ors,bob_7551,61,seq,,,,... ESO-VLT-DIC.OBS-2.0 OBS.EXECTIME 3600 OBS.GRP 0 OBS.ID 2458281 OBS.MOON.DIST 30 OBS.MOON.FLI 1.0 OBS.NAME WR46_phase2 OBS.OBSERVER UNKNOWN OBS.PI-COI.ID,0,0,,,/datalake/processeddata/csv-vltlogs/2020/02/log_wf2ors.2020-02-12.csv
203,LOG,2020-02-13T03:10:21.425Z,FORS2,wf2ors,wf2ors,wf2ors,bob_7551,61,seq,,,,... ESO-VLT-DIC.OBS-2.0 OBS.EXECTIME 3600 OBS.GRP 0 OBS.ID 2458281 OBS.MOON.DIST 30 OBS.MOON.FLI 1.0 OBS.NAME WR46_phase2 OBS.OBSERVER UNKNOWN OBS.PI-COI.ID,0,0,,,/datalake/processeddata/csv-vltlogs/2020/02/log_wf2ors.2020-02-12.csv
204,LOG,2020-02-13T03:16:06.757Z,FORS2,wf2ors,wf2ors,wf2ors,bob_7551,61,seq,,,,OB finished (TERMINATED) in 3557 seconds at 2020-02-13T03:16:06,0,0,,,/datalake/processeddata/csv-vltlogs/2020/02/log_wf2ors.2020-02-12.csv
205,LOG,2020-02-13T03:21:53.811Z,FORS2,wf2ors,wf2ors,wf2ors,bob_7551,61,seq,,,,... ESO-VLT-DIC.OBS-2.0 OBS.EXECTIME 3465 OBS.GRP 0 OBS.ID 2700369 OBS.MOON.DIST 30 OBS.MOON.FLI 1.0 OBS.NAME MOV_137P_02_10-02_17_1 OBS.OBSERVER UNKNOWN,0,0,,,/datalake/processeddata/csv-vltlogs/2020/02/log_wf2ors.2020-02-12.csv
206,LOG,2020-02-13T03:27:46.739Z,FORS2,wf2ors,wf2ors,wf2ors,bob_7551,61,seq,,,,... ESO-VLT-DIC.OBS-2.0 OBS.EXECTIME 3465 OBS.GRP 0 OBS.ID 2700369 OBS.MOON.DIST 30 OBS.MOON.FLI 1.0 OBS.NAME MOV_137P_02_10-02_17_1 OBS.OBSERVER UNKNOWN,0,0,,,/datalake/processeddata/csv-vltlogs/2020/02/log_wf2ors.2020-02-12.csv
207,LOG,2020-02-13T03:31:47.243Z,FORS2,wf2ors,wf2ors,wf2ors,bob_7551,61,seq,,,,... ESO-VLT-DIC.OBS-2.0 OBS.EXECTIME 3465 OBS.GRP 0 OBS.ID 2700369 OBS.MOON.DIST 30 OBS.MOON.FLI 1.0 OBS.NAME MOV_137P_02_10-02_17_1 OBS.OBSERVER UNKNOWN,0,0,,,/datalake/processeddata/csv-vltlogs/2020/02/log_wf2ors.2020-02-12.csv
208,LOG,2020-02-13T03:41:39.752Z,FORS2,wf2ors,wf2ors,wf2ors,bob_7551,61,seq,,,,... ESO-VLT-DIC.OBS-2.0 OBS.EXECTIME 3465 OBS.GRP 0 OBS.ID 2700369 OBS.MOON.DIST 30 OBS.MOON.FLI 1.0 OBS.NAME MOV_137P_02_10-02_17_1 OBS.OBSERVER UNKNOWN,0,0,,,/datalake/processeddata/csv-vltlogs/2020/02/log_wf2ors.2020-02-12.csv
209,LOG,2020-02-13T03:53:30.302Z,FORS2,wf2ors,wf2ors,wf2ors,bob_7551,61,seq,,,,... ESO-VLT-DIC.OBS-2.0 OBS.EXECTIME 3465 OBS.GRP 0 OBS.ID 2700369 OBS.MOON.DIST 30 OBS.MOON.FLI 1.0 OBS.NAME MOV_137P_02_10-02_17_1 OBS.OBSERVER UNKNOWN,0,0,,,/datalake/processeddata/csv-vltlogs/2020/02/log_wf2ors.2020-02-12.csv
210,LOG,2020-02-13T03:55:27.780Z,FORS2,wf2ors,wf2ors,wf2ors,bob_7551,61,seq,,,,... ESO-VLT-DIC.OBS-2.0 OBS.EXECTIME 3465 OBS.GRP 0 OBS.ID 2700369 OBS.MOON.DIST 30 OBS.MOON.FLI 1.0 OBS.NAME MOV_137P_02_10-02_17_1 OBS.OBSERVER UNKNOWN,0,0,,,/datalake/processeddata/csv-vltlogs/2020/02/log_wf2ors.2020-02-12.csv
